Model,Company,scale,metric,value,per_query_value,per_query_unit
GPT-5 (high),OpenAI,1B,energy_MWh,25595.79485487688,25.595794854876875,Wh
GPT-5 (high),OpenAI,50B,energy_MWh,1279789.7427438437,25.595794854876875,Wh
GPT-5 (high),OpenAI,100B,energy_MWh,2559579.4854876874,25.595794854876875,Wh
GPT-5 (high),OpenAI,1B,water_kL,118197.72409769928,118.19772409769928,mL
GPT-5 (high),OpenAI,50B,water_kL,5909886.204884964,118.19772409769928,mL
GPT-5 (high),OpenAI,100B,water_kL,11819772.409769928,118.19772409769928,mL
GPT-5 (high),OpenAI,1B,carbon_tCO2e,8702.570250658138,8.702570250658137,gCO2e
GPT-5 (high),OpenAI,50B,carbon_tCO2e,435128.5125329069,8.702570250658137,gCO2e
GPT-5 (high),OpenAI,100B,carbon_tCO2e,870257.0250658138,8.702570250658137,gCO2e
GPT-5 (high),OpenAI,1B,households_MWh,23375.15511860902,25.595794854876875,Wh
GPT-5 (high),OpenAI,50B,households_MWh,1168757.755930451,25.595794854876875,Wh
GPT-5 (high),OpenAI,100B,households_MWh,2337515.511860902,25.595794854876875,Wh
GPT-5 (high),OpenAI,1B,pools_kL,47.27908963907971,118.19772409769928,mL
GPT-5 (high),OpenAI,50B,pools_kL,2363.9544819539856,118.19772409769928,mL
GPT-5 (high),OpenAI,100B,pools_kL,4727.908963907971,118.19772409769928,mL
GPT-5 (high),OpenAI,1B,flights_tCO2e,145.04283751096898,8.702570250658137,gCO2e
GPT-5 (high),OpenAI,50B,flights_tCO2e,7252.141875548448,8.702570250658137,gCO2e
GPT-5 (high),OpenAI,100B,flights_tCO2e,14504.283751096897,8.702570250658137,gCO2e
GPT-5 (medium),OpenAI,1B,energy_MWh,14002.06714869239,14.00206714869239,Wh
GPT-5 (medium),OpenAI,50B,energy_MWh,700103.3574346196,14.00206714869239,Wh
GPT-5 (medium),OpenAI,100B,energy_MWh,1400206.714869239,14.00206714869239,Wh
GPT-5 (medium),OpenAI,1B,water_kL,64659.5457973545,64.6595457973545,mL
GPT-5 (medium),OpenAI,50B,water_kL,3232977.2898677248,64.6595457973545,mL
GPT-5 (medium),OpenAI,100B,water_kL,6465954.5797354495,64.6595457973545,mL
GPT-5 (medium),OpenAI,1B,carbon_tCO2e,4760.702830555413,4.760702830555413,gCO2e
GPT-5 (medium),OpenAI,50B,carbon_tCO2e,238035.14152777067,4.760702830555413,gCO2e
GPT-5 (medium),OpenAI,100B,carbon_tCO2e,476070.2830555413,4.760702830555413,gCO2e
GPT-5 (medium),OpenAI,1B,households_MWh,12787.275934878897,14.00206714869239,Wh
GPT-5 (medium),OpenAI,50B,households_MWh,639363.7967439449,14.00206714869239,Wh
GPT-5 (medium),OpenAI,100B,households_MWh,1278727.5934878897,14.00206714869239,Wh
GPT-5 (medium),OpenAI,1B,pools_kL,25.8638183189418,64.6595457973545,mL
GPT-5 (medium),OpenAI,50B,pools_kL,1293.19091594709,64.6595457973545,mL
GPT-5 (medium),OpenAI,100B,pools_kL,2586.38183189418,64.6595457973545,mL
GPT-5 (medium),OpenAI,1B,flights_tCO2e,79.34504717592355,4.760702830555413,gCO2e
GPT-5 (medium),OpenAI,50B,flights_tCO2e,3967.2523587961778,4.760702830555413,gCO2e
GPT-5 (medium),OpenAI,100B,flights_tCO2e,7934.5047175923555,4.760702830555413,gCO2e
o3,OpenAI,1B,energy_MWh,12222.138265521708,12.222138265521709,Wh
o3,OpenAI,50B,energy_MWh,611106.9132760854,12.222138265521709,Wh
o3,OpenAI,100B,energy_MWh,1222213.8265521708,12.222138265521709,Wh
o3,OpenAI,1B,water_kL,56440.08849042702,56.44008849042702,mL
o3,OpenAI,50B,water_kL,2822004.4245213512,56.44008849042702,mL
o3,OpenAI,100B,water_kL,5644008.849042703,56.44008849042702,mL
o3,OpenAI,1B,carbon_tCO2e,4155.527010277381,4.155527010277381,gCO2e
o3,OpenAI,50B,carbon_tCO2e,207776.35051386905,4.155527010277381,gCO2e
o3,OpenAI,100B,carbon_tCO2e,415552.7010277381,4.155527010277381,gCO2e
o3,OpenAI,1B,households_MWh,11161.770105499276,12.222138265521709,Wh
o3,OpenAI,50B,households_MWh,558088.5052749638,12.222138265521709,Wh
o3,OpenAI,100B,households_MWh,1116177.0105499276,12.222138265521709,Wh
o3,OpenAI,1B,pools_kL,22.57603539617081,56.44008849042702,mL
o3,OpenAI,50B,pools_kL,1128.8017698085405,56.44008849042702,mL
o3,OpenAI,100B,pools_kL,2257.603539617081,56.44008849042702,mL
o3,OpenAI,1B,flights_tCO2e,69.25878350462303,4.155527010277381,gCO2e
o3,OpenAI,50B,flights_tCO2e,3462.9391752311503,4.155527010277381,gCO2e
o3,OpenAI,100B,flights_tCO2e,6925.878350462301,4.155527010277381,gCO2e
Grok 4,xAI,1B,energy_MWh,17642.704258617272,17.64270425861727,Wh
Grok 4,xAI,50B,energy_MWh,882135.2129308636,17.64270425861727,Wh
Grok 4,xAI,100B,energy_MWh,1764270.4258617272,17.64270425861727,Wh
Grok 4,xAI,1B,water_kL,59667.6258026436,59.6676258026436,mL
Grok 4,xAI,50B,water_kL,2983381.29013218,59.6676258026436,mL
Grok 4,xAI,100B,water_kL,5966762.58026436,59.6676258026436,mL
Grok 4,xAI,1B,carbon_tCO2e,6792.441139567649,6.792441139567649,gCO2e
Grok 4,xAI,50B,carbon_tCO2e,339622.0569783824,6.792441139567649,gCO2e
Grok 4,xAI,100B,carbon_tCO2e,679244.1139567648,6.792441139567649,gCO2e
Grok 4,xAI,1B,households_MWh,16112.058683668742,17.64270425861727,Wh
Grok 4,xAI,50B,households_MWh,805602.9341834371,17.64270425861727,Wh
Grok 4,xAI,100B,households_MWh,1611205.868366874,17.64270425861727,Wh
Grok 4,xAI,1B,pools_kL,23.86705032105744,59.6676258026436,mL
Grok 4,xAI,50B,pools_kL,1193.352516052872,59.6676258026436,mL
Grok 4,xAI,100B,pools_kL,2386.705032105744,59.6676258026436,mL
Grok 4,xAI,1B,flights_tCO2e,113.20735232612748,6.792441139567649,gCO2e
Grok 4,xAI,50B,flights_tCO2e,5660.367616306374,6.792441139567649,gCO2e
Grok 4,xAI,100B,flights_tCO2e,11320.735232612747,6.792441139567649,gCO2e
GPT-5 mini (high),OpenAI,1B,energy_MWh,13813.07258054485,13.81307258054485,Wh
GPT-5 mini (high),OpenAI,50B,energy_MWh,690653.6290272424,13.81307258054485,Wh
GPT-5 mini (high),OpenAI,100B,energy_MWh,1381307.2580544848,13.81307258054485,Wh
GPT-5 mini (high),OpenAI,1B,water_kL,63786.79588087317,63.78679588087317,mL
GPT-5 mini (high),OpenAI,50B,water_kL,3189339.7940436583,63.78679588087317,mL
GPT-5 mini (high),OpenAI,100B,water_kL,6378679.588087317,63.78679588087317,mL
GPT-5 mini (high),OpenAI,1B,carbon_tCO2e,4696.444677385249,4.696444677385249,gCO2e
GPT-5 mini (high),OpenAI,50B,carbon_tCO2e,234822.23386926245,4.696444677385249,gCO2e
GPT-5 mini (high),OpenAI,100B,carbon_tCO2e,469644.4677385249,4.696444677385249,gCO2e
GPT-5 mini (high),OpenAI,1B,households_MWh,12614.67815574872,13.81307258054485,Wh
GPT-5 mini (high),OpenAI,50B,households_MWh,630733.907787436,13.81307258054485,Wh
GPT-5 mini (high),OpenAI,100B,households_MWh,1261467.8155748718,13.81307258054485,Wh
GPT-5 mini (high),OpenAI,1B,pools_kL,25.51471835234927,63.78679588087317,mL
GPT-5 mini (high),OpenAI,50B,pools_kL,1275.7359176174634,63.78679588087317,mL
GPT-5 mini (high),OpenAI,100B,pools_kL,2551.471835234927,63.78679588087317,mL
GPT-5 mini (high),OpenAI,1B,flights_tCO2e,78.27407795642081,4.696444677385249,gCO2e
GPT-5 mini (high),OpenAI,50B,flights_tCO2e,3913.7038978210408,4.696444677385249,gCO2e
GPT-5 mini (high),OpenAI,100B,flights_tCO2e,7827.4077956420815,4.696444677385249,gCO2e
GPT-5 (low),OpenAI,1B,energy_MWh,6650.824367502828,6.650824367502828,Wh
GPT-5 (low),OpenAI,50B,energy_MWh,332541.2183751414,6.650824367502828,Wh
GPT-5 (low),OpenAI,100B,energy_MWh,665082.4367502829,6.650824367502828,Wh
GPT-5 (low),OpenAI,1B,water_kL,30712.55681136127,30.71255681136127,mL
GPT-5 (low),OpenAI,50B,water_kL,1535627.8405680635,30.71255681136127,mL
GPT-5 (low),OpenAI,100B,water_kL,3071255.681136127,30.71255681136127,mL
GPT-5 (low),OpenAI,1B,carbon_tCO2e,2261.2802849509617,2.2612802849509617,gCO2e
GPT-5 (low),OpenAI,50B,carbon_tCO2e,113064.01424754808,2.2612802849509617,gCO2e
GPT-5 (low),OpenAI,100B,carbon_tCO2e,226128.02849509616,2.2612802849509617,gCO2e
GPT-5 (low),OpenAI,1B,households_MWh,6073.81220776514,6.650824367502828,Wh
GPT-5 (low),OpenAI,50B,households_MWh,303690.61038825696,6.650824367502828,Wh
GPT-5 (low),OpenAI,100B,households_MWh,607381.2207765139,6.650824367502828,Wh
GPT-5 (low),OpenAI,1B,pools_kL,12.28502272454451,30.71255681136127,mL
GPT-5 (low),OpenAI,50B,pools_kL,614.2511362272254,30.71255681136127,mL
GPT-5 (low),OpenAI,100B,pools_kL,1228.5022724544508,30.71255681136127,mL
GPT-5 (low),OpenAI,1B,flights_tCO2e,37.688004749182696,2.2612802849509617,gCO2e
GPT-5 (low),OpenAI,50B,flights_tCO2e,1884.4002374591348,2.2612802849509617,gCO2e
GPT-5 (low),OpenAI,100B,flights_tCO2e,3768.8004749182696,2.2612802849509617,gCO2e
GPT-5 mini (medium),OpenAI,1B,energy_MWh,5556.40723938765,5.55640723938765,Wh
GPT-5 mini (medium),OpenAI,50B,energy_MWh,277820.36196938256,5.55640723938765,Wh
GPT-5 mini (medium),OpenAI,100B,energy_MWh,555640.723938765,5.55640723938765,Wh
GPT-5 mini (medium),OpenAI,1B,water_kL,25658.694859029398,25.6586948590294,mL
GPT-5 mini (medium),OpenAI,50B,water_kL,1282934.7429514695,25.6586948590294,mL
GPT-5 mini (medium),OpenAI,100B,water_kL,2565869.4859029395,25.6586948590294,mL
GPT-5 mini (medium),OpenAI,1B,carbon_tCO2e,1889.1784613918007,1.8891784613918008,gCO2e
GPT-5 mini (medium),OpenAI,50B,carbon_tCO2e,94458.92306959006,1.8891784613918008,gCO2e
GPT-5 mini (medium),OpenAI,100B,carbon_tCO2e,188917.84613918007,1.8891784613918008,gCO2e
GPT-5 mini (medium),OpenAI,1B,households_MWh,5074.344510856302,5.55640723938765,Wh
GPT-5 mini (medium),OpenAI,50B,households_MWh,253717.22554281517,5.55640723938765,Wh
GPT-5 mini (medium),OpenAI,100B,households_MWh,507434.45108563016,5.55640723938765,Wh
GPT-5 mini (medium),OpenAI,1B,pools_kL,10.263477943611758,25.6586948590294,mL
GPT-5 mini (medium),OpenAI,50B,pools_kL,513.1738971805879,25.6586948590294,mL
GPT-5 mini (medium),OpenAI,100B,pools_kL,1026.3477943611758,25.6586948590294,mL
GPT-5 mini (medium),OpenAI,1B,flights_tCO2e,31.486307689863352,1.8891784613918008,gCO2e
GPT-5 mini (medium),OpenAI,50B,flights_tCO2e,1574.3153844931678,1.8891784613918008,gCO2e
GPT-5 mini (medium),OpenAI,100B,flights_tCO2e,3148.630768986336,1.8891784613918008,gCO2e
Gemini 2.5 Pro Vertex,Google,1B,energy_MWh,4236.730014130759,4.2367300141307584,Wh
Gemini 2.5 Pro Vertex,Google,50B,energy_MWh,211836.50070653792,4.2367300141307584,Wh
Gemini 2.5 Pro Vertex,Google,100B,energy_MWh,423673.0014130759,4.2367300141307584,Wh
Gemini 2.5 Pro Vertex,Google,1B,water_kL,5826.475496497255,5.826475496497255,mL
Gemini 2.5 Pro Vertex,Google,50B,water_kL,291323.7748248628,5.826475496497255,mL
Gemini 2.5 Pro Vertex,Google,100B,water_kL,582647.5496497256,5.826475496497255,mL
Gemini 2.5 Pro Vertex,Google,1B,carbon_tCO2e,978.6846332642052,0.9786846332642052,gCO2e
Gemini 2.5 Pro Vertex,Google,50B,carbon_tCO2e,48934.23166321026,0.9786846332642052,gCO2e
Gemini 2.5 Pro Vertex,Google,100B,carbon_tCO2e,97868.46332642052,0.9786846332642052,gCO2e
Gemini 2.5 Pro Vertex,Google,1B,households_MWh,3869.1598302564007,4.2367300141307584,Wh
Gemini 2.5 Pro Vertex,Google,50B,households_MWh,193457.99151282,4.2367300141307584,Wh
Gemini 2.5 Pro Vertex,Google,100B,households_MWh,386915.9830256401,4.2367300141307584,Wh
Gemini 2.5 Pro Vertex,Google,1B,pools_kL,2.330590198598902,5.826475496497255,mL
Gemini 2.5 Pro Vertex,Google,50B,pools_kL,116.5295099299451,5.826475496497255,mL
Gemini 2.5 Pro Vertex,Google,100B,pools_kL,233.0590198598902,5.826475496497255,mL
Gemini 2.5 Pro Vertex,Google,1B,flights_tCO2e,16.311410554403423,0.9786846332642052,gCO2e
Gemini 2.5 Pro Vertex,Google,50B,flights_tCO2e,815.570527720171,0.9786846332642052,gCO2e
Gemini 2.5 Pro Vertex,Google,100B,flights_tCO2e,1631.141055440342,0.9786846332642052,gCO2e
Gemini 2.5 Pro (AI Studio),Google,1B,energy_MWh,4162.503402218165,4.1625034022181655,Wh
Gemini 2.5 Pro (AI Studio),Google,50B,energy_MWh,208125.17011090828,4.1625034022181655,Wh
Gemini 2.5 Pro (AI Studio),Google,100B,energy_MWh,416250.3402218165,4.1625034022181655,Wh
Gemini 2.5 Pro (AI Studio),Google,1B,water_kL,5724.396880665166,5.724396880665165,mL
Gemini 2.5 Pro (AI Studio),Google,50B,water_kL,286219.84403325827,5.724396880665165,mL
Gemini 2.5 Pro (AI Studio),Google,100B,water_kL,572439.6880665165,5.724396880665165,mL
Gemini 2.5 Pro (AI Studio),Google,1B,carbon_tCO2e,961.538285912396,0.961538285912396,gCO2e
Gemini 2.5 Pro (AI Studio),Google,50B,carbon_tCO2e,48076.914295619805,0.961538285912396,gCO2e
Gemini 2.5 Pro (AI Studio),Google,100B,carbon_tCO2e,96153.8285912396,0.961538285912396,gCO2e
Gemini 2.5 Pro (AI Studio),Google,1B,households_MWh,3801.372970062252,4.1625034022181655,Wh
Gemini 2.5 Pro (AI Studio),Google,50B,households_MWh,190068.64850311255,4.1625034022181655,Wh
Gemini 2.5 Pro (AI Studio),Google,100B,households_MWh,380137.2970062252,4.1625034022181655,Wh
Gemini 2.5 Pro (AI Studio),Google,1B,pools_kL,2.2897587522660663,5.724396880665165,mL
Gemini 2.5 Pro (AI Studio),Google,50B,pools_kL,114.4879376133033,5.724396880665165,mL
Gemini 2.5 Pro (AI Studio),Google,100B,pools_kL,228.9758752266066,5.724396880665165,mL
Gemini 2.5 Pro (AI Studio),Google,1B,flights_tCO2e,16.025638098539936,0.961538285912396,gCO2e
Gemini 2.5 Pro (AI Studio),Google,50B,flights_tCO2e,801.2819049269967,0.961538285912396,gCO2e
Gemini 2.5 Pro (AI Studio),Google,100B,flights_tCO2e,1602.5638098539937,0.961538285912396,gCO2e
o4-mini (high),OpenAI,1B,energy_MWh,7237.426317578312,7.237426317578311,Wh
o4-mini (high),OpenAI,50B,energy_MWh,361871.31587891554,7.237426317578311,Wh
o4-mini (high),OpenAI,100B,energy_MWh,723742.6317578312,7.237426317578311,Wh
o4-mini (high),OpenAI,1B,water_kL,33421.40081653127,33.42140081653127,mL
o4-mini (high),OpenAI,50B,water_kL,1671070.0408265635,33.42140081653127,mL
o4-mini (high),OpenAI,100B,water_kL,3342140.081653127,33.42140081653127,mL
o4-mini (high),OpenAI,1B,carbon_tCO2e,2460.724947976626,2.460724947976626,gCO2e
o4-mini (high),OpenAI,50B,carbon_tCO2e,123036.24739883131,2.460724947976626,gCO2e
o4-mini (high),OpenAI,100B,carbon_tCO2e,246072.49479766263,2.460724947976626,gCO2e
o4-mini (high),OpenAI,1B,households_MWh,6609.52175121307,7.237426317578311,Wh
o4-mini (high),OpenAI,50B,households_MWh,330476.08756065345,7.237426317578311,Wh
o4-mini (high),OpenAI,100B,households_MWh,660952.175121307,7.237426317578311,Wh
o4-mini (high),OpenAI,1B,pools_kL,13.368560326612508,33.42140081653127,mL
o4-mini (high),OpenAI,50B,pools_kL,668.4280163306254,33.42140081653127,mL
o4-mini (high),OpenAI,100B,pools_kL,1336.8560326612508,33.42140081653127,mL
o4-mini (high),OpenAI,1B,flights_tCO2e,41.0120824662771,2.460724947976626,gCO2e
o4-mini (high),OpenAI,50B,flights_tCO2e,2050.604123313856,2.460724947976626,gCO2e
o4-mini (high),OpenAI,100B,flights_tCO2e,4101.208246627711,2.460724947976626,gCO2e
Grok 3 mini Reasoning (high) Fast,xAI,1B,energy_MWh,2674.219451788176,2.674219451788176,Wh
Grok 3 mini Reasoning (high) Fast,xAI,50B,energy_MWh,133710.97258940878,2.674219451788176,Wh
Grok 3 mini Reasoning (high) Fast,xAI,100B,energy_MWh,267421.9451788176,2.674219451788176,Wh
Grok 3 mini Reasoning (high) Fast,xAI,1B,water_kL,9044.21018594761,9.044210185947607,mL
Grok 3 mini Reasoning (high) Fast,xAI,50B,water_kL,452210.50929738046,9.044210185947607,mL
Grok 3 mini Reasoning (high) Fast,xAI,100B,water_kL,904421.0185947608,9.044210185947607,mL
Grok 3 mini Reasoning (high) Fast,xAI,1B,carbon_tCO2e,1029.5744889384473,1.0295744889384473,gCO2e
Grok 3 mini Reasoning (high) Fast,xAI,50B,carbon_tCO2e,51478.724446922366,1.0295744889384473,gCO2e
Grok 3 mini Reasoning (high) Fast,xAI,100B,carbon_tCO2e,102957.44889384472,1.0295744889384473,gCO2e
Grok 3 mini Reasoning (high) Fast,xAI,1B,households_MWh,2442.209545012033,2.674219451788176,Wh
Grok 3 mini Reasoning (high) Fast,xAI,50B,households_MWh,122110.47725060165,2.674219451788176,Wh
Grok 3 mini Reasoning (high) Fast,xAI,100B,households_MWh,244220.9545012033,2.674219451788176,Wh
Grok 3 mini Reasoning (high) Fast,xAI,1B,pools_kL,3.617684074379044,9.044210185947607,mL
Grok 3 mini Reasoning (high) Fast,xAI,50B,pools_kL,180.8842037189522,9.044210185947607,mL
Grok 3 mini Reasoning (high) Fast,xAI,100B,pools_kL,361.7684074379044,9.044210185947607,mL
Grok 3 mini Reasoning (high) Fast,xAI,1B,flights_tCO2e,17.159574815640788,1.0295744889384473,gCO2e
Grok 3 mini Reasoning (high) Fast,xAI,50B,flights_tCO2e,857.9787407820394,1.0295744889384473,gCO2e
Grok 3 mini Reasoning (high) Fast,xAI,100B,flights_tCO2e,1715.9574815640788,1.0295744889384473,gCO2e
Grok 3 mini Reasoning (high),xAI,1B,energy_MWh,2605.934191934503,2.605934191934503,Wh
Grok 3 mini Reasoning (high),xAI,50B,energy_MWh,130296.70959672517,2.605934191934503,Wh
Grok 3 mini Reasoning (high),xAI,100B,energy_MWh,260593.41919345027,2.605934191934503,Wh
Grok 3 mini Reasoning (high),xAI,1B,water_kL,8813.26943712249,8.81326943712249,mL
Grok 3 mini Reasoning (high),xAI,50B,water_kL,440663.47185612447,8.81326943712249,mL
Grok 3 mini Reasoning (high),xAI,100B,water_kL,881326.9437122489,8.81326943712249,mL
Grok 3 mini Reasoning (high),xAI,1B,carbon_tCO2e,1003.2846638947836,1.0032846638947837,gCO2e
Grok 3 mini Reasoning (high),xAI,50B,carbon_tCO2e,50164.23319473918,1.0032846638947837,gCO2e
Grok 3 mini Reasoning (high),xAI,100B,carbon_tCO2e,100328.46638947836,1.0032846638947837,gCO2e
Grok 3 mini Reasoning (high),xAI,1B,households_MWh,2379.848577109135,2.605934191934503,Wh
Grok 3 mini Reasoning (high),xAI,50B,households_MWh,118992.42885545676,2.605934191934503,Wh
Grok 3 mini Reasoning (high),xAI,100B,households_MWh,237984.8577109135,2.605934191934503,Wh
Grok 3 mini Reasoning (high),xAI,1B,pools_kL,3.525307774848996,8.81326943712249,mL
Grok 3 mini Reasoning (high),xAI,50B,pools_kL,176.26538874244977,8.81326943712249,mL
Grok 3 mini Reasoning (high),xAI,100B,pools_kL,352.53077748489955,8.81326943712249,mL
Grok 3 mini Reasoning (high),xAI,1B,flights_tCO2e,16.72141106491306,1.0032846638947837,gCO2e
Grok 3 mini Reasoning (high),xAI,50B,flights_tCO2e,836.070553245653,1.0032846638947837,gCO2e
Grok 3 mini Reasoning (high),xAI,100B,flights_tCO2e,1672.141106491306,1.0032846638947837,gCO2e
DeepSeek R1 (DeepSeek) [128k],DeepSeek,1B,energy_MWh,29078.235636566216,29.078235636566216,Wh
DeepSeek R1 (DeepSeek) [128k],DeepSeek,50B,energy_MWh,1453911.7818283108,29.078235636566216,Wh
DeepSeek R1 (DeepSeek) [128k],DeepSeek,100B,energy_MWh,2907823.5636566216,29.078235636566216,Wh
DeepSeek R1 (DeepSeek) [128k],DeepSeek,1B,water_kL,202410.16382885756,202.41016382885752,mL
DeepSeek R1 (DeepSeek) [128k],DeepSeek,50B,water_kL,10120508.191442875,202.41016382885752,mL
DeepSeek R1 (DeepSeek) [128k],DeepSeek,100B,water_kL,20241016.38288575,202.41016382885752,mL
DeepSeek R1 (DeepSeek) [128k],DeepSeek,1B,carbon_tCO2e,17446.94138193973,17.44694138193973,gCO2e
DeepSeek R1 (DeepSeek) [128k],DeepSeek,50B,carbon_tCO2e,872347.0690969866,17.44694138193973,gCO2e
DeepSeek R1 (DeepSeek) [128k],DeepSeek,100B,carbon_tCO2e,1744694.138193973,17.44694138193973,gCO2e
DeepSeek R1 (DeepSeek) [128k],DeepSeek,1B,households_MWh,26555.466334763667,29.078235636566216,Wh
DeepSeek R1 (DeepSeek) [128k],DeepSeek,50B,households_MWh,1327773.3167381834,29.078235636566216,Wh
DeepSeek R1 (DeepSeek) [128k],DeepSeek,100B,households_MWh,2655546.6334763668,29.078235636566216,Wh
DeepSeek R1 (DeepSeek) [128k],DeepSeek,1B,pools_kL,80.96406553154301,202.41016382885752,mL
DeepSeek R1 (DeepSeek) [128k],DeepSeek,50B,pools_kL,4048.20327657715,202.41016382885752,mL
DeepSeek R1 (DeepSeek) [128k],DeepSeek,100B,pools_kL,8096.4065531543,202.41016382885752,mL
DeepSeek R1 (DeepSeek) [128k],DeepSeek,1B,flights_tCO2e,290.78235636566217,17.44694138193973,gCO2e
DeepSeek R1 (DeepSeek) [128k],DeepSeek,50B,flights_tCO2e,14539.11781828311,17.44694138193973,gCO2e
DeepSeek R1 (DeepSeek) [128k],DeepSeek,100B,flights_tCO2e,29078.23563656622,17.44694138193973,gCO2e
Claude 4 Sonnet,Anthropic,1B,energy_MWh,7877.202572991916,7.877202572991916,Wh
Claude 4 Sonnet,Anthropic,50B,energy_MWh,393860.1286495958,7.877202572991916,Wh
Claude 4 Sonnet,Anthropic,100B,energy_MWh,787720.2572991916,7.877202572991916,Wh
Claude 4 Sonnet,Anthropic,1B,water_kL,41575.04600103312,41.57504600103312,mL
Claude 4 Sonnet,Anthropic,50B,water_kL,2078752.3000516563,41.57504600103312,mL
Claude 4 Sonnet,Anthropic,100B,water_kL,4157504.6001033126,41.57504600103312,mL
Claude 4 Sonnet,Anthropic,1B,carbon_tCO2e,2363.1607718975747,2.363160771897575,gCO2e
Claude 4 Sonnet,Anthropic,50B,carbon_tCO2e,118158.03859487874,2.363160771897575,gCO2e
Claude 4 Sonnet,Anthropic,100B,carbon_tCO2e,236316.0771897575,2.363160771897575,gCO2e
Claude 4 Sonnet,Anthropic,1B,households_MWh,7193.792304102207,7.877202572991916,Wh
Claude 4 Sonnet,Anthropic,50B,households_MWh,359689.6152051103,7.877202572991916,Wh
Claude 4 Sonnet,Anthropic,100B,households_MWh,719379.2304102207,7.877202572991916,Wh
Claude 4 Sonnet,Anthropic,1B,pools_kL,16.63001840041325,41.57504600103312,mL
Claude 4 Sonnet,Anthropic,50B,pools_kL,831.5009200206625,41.57504600103312,mL
Claude 4 Sonnet,Anthropic,100B,pools_kL,1663.001840041325,41.57504600103312,mL
Claude 4 Sonnet,Anthropic,1B,flights_tCO2e,39.386012864959575,2.363160771897575,gCO2e
Claude 4 Sonnet,Anthropic,50B,flights_tCO2e,1969.300643247979,2.363160771897575,gCO2e
Claude 4 Sonnet,Anthropic,100B,flights_tCO2e,3938.601286495958,2.363160771897575,gCO2e
Claude 4 Opus,Anthropic,1B,energy_MWh,11158.90500150806,11.158905001508062,Wh
Claude 4 Opus,Anthropic,50B,energy_MWh,557945.2500754031,11.158905001508062,Wh
Claude 4 Opus,Anthropic,100B,energy_MWh,1115890.500150806,11.158905001508062,Wh
Claude 4 Opus,Anthropic,1B,water_kL,58895.52597638044,58.89552597638044,mL
Claude 4 Opus,Anthropic,50B,water_kL,2944776.2988190223,58.89552597638044,mL
Claude 4 Opus,Anthropic,100B,water_kL,5889552.5976380445,58.89552597638044,mL
Claude 4 Opus,Anthropic,1B,carbon_tCO2e,3347.671500452418,3.3476715004524182,gCO2e
Claude 4 Opus,Anthropic,50B,carbon_tCO2e,167383.5750226209,3.3476715004524182,gCO2e
Claude 4 Opus,Anthropic,100B,carbon_tCO2e,334767.1500452418,3.3476715004524182,gCO2e
Claude 4 Opus,Anthropic,1B,households_MWh,10190.780823295034,11.158905001508062,Wh
Claude 4 Opus,Anthropic,50B,households_MWh,509539.04116475175,11.158905001508062,Wh
Claude 4 Opus,Anthropic,100B,households_MWh,1019078.0823295034,11.158905001508062,Wh
Claude 4 Opus,Anthropic,1B,pools_kL,23.558210390552176,58.89552597638044,mL
Claude 4 Opus,Anthropic,50B,pools_kL,1177.9105195276088,58.89552597638044,mL
Claude 4 Opus,Anthropic,100B,pools_kL,2355.8210390552176,58.89552597638044,mL
Claude 4 Opus,Anthropic,1B,flights_tCO2e,55.7945250075403,3.3476715004524182,gCO2e
Claude 4 Opus,Anthropic,50B,flights_tCO2e,2789.7262503770157,3.3476715004524182,gCO2e
Claude 4 Opus,Anthropic,100B,flights_tCO2e,5579.452500754031,3.3476715004524182,gCO2e
DeepSeek R1 (Azure),DeepSeek,1B,energy_MWh,7410.17059881136,7.410170598811359,Wh
DeepSeek R1 (Azure),DeepSeek,50B,energy_MWh,370508.529940568,7.410170598811359,Wh
DeepSeek R1 (Azure),DeepSeek,100B,energy_MWh,741017.0598811358,7.410170598811359,Wh
DeepSeek R1 (Azure),DeepSeek,1B,water_kL,34219.10922951102,34.21910922951102,mL
DeepSeek R1 (Azure),DeepSeek,50B,water_kL,1710955.461475551,34.21910922951102,mL
DeepSeek R1 (Azure),DeepSeek,100B,water_kL,3421910.922951102,34.21910922951102,mL
DeepSeek R1 (Azure),DeepSeek,1B,carbon_tCO2e,2519.458003595863,2.519458003595863,gCO2e
DeepSeek R1 (Azure),DeepSeek,50B,carbon_tCO2e,125972.90017979314,2.519458003595863,gCO2e
DeepSeek R1 (Azure),DeepSeek,100B,carbon_tCO2e,251945.80035958628,2.519458003595863,gCO2e
DeepSeek R1 (Azure),DeepSeek,1B,households_MWh,6767.279085672475,7.410170598811359,Wh
DeepSeek R1 (Azure),DeepSeek,50B,households_MWh,338363.9542836237,7.410170598811359,Wh
DeepSeek R1 (Azure),DeepSeek,100B,households_MWh,676727.9085672474,7.410170598811359,Wh
DeepSeek R1 (Azure),DeepSeek,1B,pools_kL,13.687643691804409,34.21910922951102,mL
DeepSeek R1 (Azure),DeepSeek,50B,pools_kL,684.3821845902204,34.21910922951102,mL
DeepSeek R1 (Azure),DeepSeek,100B,pools_kL,1368.7643691804408,34.21910922951102,mL
DeepSeek R1 (Azure),DeepSeek,1B,flights_tCO2e,41.99096672659771,2.519458003595863,gCO2e
DeepSeek R1 (Azure),DeepSeek,50B,flights_tCO2e,2099.548336329886,2.519458003595863,gCO2e
DeepSeek R1 (Azure),DeepSeek,100B,flights_tCO2e,4199.096672659772,2.519458003595863,gCO2e
Gemini 2.5 Flash (Vertex),Google,1B,energy_MWh,1774.8651675048116,1.7748651675048115,Wh
Gemini 2.5 Flash (Vertex),Google,50B,energy_MWh,88743.25837524058,1.7748651675048115,Wh
Gemini 2.5 Flash (Vertex),Google,100B,energy_MWh,177486.51675048115,1.7748651675048115,Wh
Gemini 2.5 Flash (Vertex),Google,1B,water_kL,2440.846684485975,2.440846684485975,mL
Gemini 2.5 Flash (Vertex),Google,50B,water_kL,122042.33422429876,2.440846684485975,mL
Gemini 2.5 Flash (Vertex),Google,100B,water_kL,244084.6684485975,2.440846684485975,mL
Gemini 2.5 Flash (Vertex),Google,1B,carbon_tCO2e,409.9938536936115,0.4099938536936115,gCO2e
Gemini 2.5 Flash (Vertex),Google,50B,carbon_tCO2e,20499.692684680576,0.4099938536936115,gCO2e
Gemini 2.5 Flash (Vertex),Google,100B,carbon_tCO2e,40999.38536936115,0.4099938536936115,gCO2e
Gemini 2.5 Flash (Vertex),Google,1B,households_MWh,1620.8814315112434,1.7748651675048115,Wh
Gemini 2.5 Flash (Vertex),Google,50B,households_MWh,81044.07157556218,1.7748651675048115,Wh
Gemini 2.5 Flash (Vertex),Google,100B,households_MWh,162088.14315112433,1.7748651675048115,Wh
Gemini 2.5 Flash (Vertex),Google,1B,pools_kL,0.97633867379439,2.440846684485975,mL
Gemini 2.5 Flash (Vertex),Google,50B,pools_kL,48.81693368971951,2.440846684485975,mL
Gemini 2.5 Flash (Vertex),Google,100B,pools_kL,97.633867379439,2.440846684485975,mL
Gemini 2.5 Flash (Vertex),Google,1B,flights_tCO2e,6.833230894893526,0.4099938536936115,gCO2e
Gemini 2.5 Flash (Vertex),Google,50B,flights_tCO2e,341.6615447446763,0.4099938536936115,gCO2e
Gemini 2.5 Flash (Vertex),Google,100B,flights_tCO2e,683.3230894893526,0.4099938536936115,gCO2e
GPT-5 nano (high),OpenAI,1B,energy_MWh,8942.65042075995,8.94265042075995,Wh
GPT-5 nano (high),OpenAI,50B,energy_MWh,447132.5210379975,8.94265042075995,Wh
GPT-5 nano (high),OpenAI,100B,energy_MWh,894265.042075995,8.94265042075995,Wh
GPT-5 nano (high),OpenAI,1B,water_kL,41295.88212158075,41.295882121580746,mL
GPT-5 nano (high),OpenAI,50B,water_kL,2064794.1060790373,41.295882121580746,mL
GPT-5 nano (high),OpenAI,100B,water_kL,4129588.2121580746,41.295882121580746,mL
GPT-5 nano (high),OpenAI,1B,carbon_tCO2e,3040.501143058382,3.040501143058382,gCO2e
GPT-5 nano (high),OpenAI,50B,carbon_tCO2e,152025.0571529191,3.040501143058382,gCO2e
GPT-5 nano (high),OpenAI,100B,carbon_tCO2e,304050.1143058382,3.040501143058382,gCO2e
GPT-5 nano (high),OpenAI,1B,households_MWh,8166.804037223699,8.94265042075995,Wh
GPT-5 nano (high),OpenAI,50B,households_MWh,408340.20186118496,8.94265042075995,Wh
GPT-5 nano (high),OpenAI,100B,households_MWh,816680.4037223699,8.94265042075995,Wh
GPT-5 nano (high),OpenAI,1B,pools_kL,16.5183528486323,41.295882121580746,mL
GPT-5 nano (high),OpenAI,50B,pools_kL,825.9176424316149,41.295882121580746,mL
GPT-5 nano (high),OpenAI,100B,pools_kL,1651.8352848632298,41.295882121580746,mL
GPT-5 nano (high),OpenAI,1B,flights_tCO2e,50.67501905097303,3.040501143058382,gCO2e
GPT-5 nano (high),OpenAI,50B,flights_tCO2e,2533.750952548652,3.040501143058382,gCO2e
GPT-5 nano (high),OpenAI,100B,flights_tCO2e,5067.501905097303,3.040501143058382,gCO2e
Claude 3.7 Sonnet,Anthropic,1B,energy_MWh,5671.361748624589,5.671361748624589,Wh
Claude 3.7 Sonnet,Anthropic,50B,energy_MWh,283568.0874312295,5.671361748624589,Wh
Claude 3.7 Sonnet,Anthropic,100B,energy_MWh,567136.1748624588,5.671361748624589,Wh
Claude 3.7 Sonnet,Anthropic,1B,water_kL,29932.85032379336,29.93285032379336,mL
Claude 3.7 Sonnet,Anthropic,50B,water_kL,1496642.516189668,29.93285032379336,mL
Claude 3.7 Sonnet,Anthropic,100B,water_kL,2993285.032379336,29.93285032379336,mL
Claude 3.7 Sonnet,Anthropic,1B,carbon_tCO2e,1701.4085245873769,1.701408524587377,gCO2e
Claude 3.7 Sonnet,Anthropic,50B,carbon_tCO2e,85070.42622936885,1.701408524587377,gCO2e
Claude 3.7 Sonnet,Anthropic,100B,carbon_tCO2e,170140.8524587377,1.701408524587377,gCO2e
Claude 3.7 Sonnet,Anthropic,1B,households_MWh,5179.325797830676,5.671361748624589,Wh
Claude 3.7 Sonnet,Anthropic,50B,households_MWh,258966.2898915338,5.671361748624589,Wh
Claude 3.7 Sonnet,Anthropic,100B,households_MWh,517932.5797830676,5.671361748624589,Wh
Claude 3.7 Sonnet,Anthropic,1B,pools_kL,11.973140129517343,29.93285032379336,mL
Claude 3.7 Sonnet,Anthropic,50B,pools_kL,598.6570064758671,29.93285032379336,mL
Claude 3.7 Sonnet,Anthropic,100B,pools_kL,1197.3140129517342,29.93285032379336,mL
Claude 3.7 Sonnet,Anthropic,1B,flights_tCO2e,28.356808743122947,1.701408524587377,gCO2e
Claude 3.7 Sonnet,Anthropic,50B,flights_tCO2e,1417.8404371561476,1.701408524587377,gCO2e
Claude 3.7 Sonnet,Anthropic,100B,flights_tCO2e,2835.680874312295,1.701408524587377,gCO2e
GPT-5 nano (medium),OpenAI,1B,energy_MWh,4138.052965567184,4.138052965567184,Wh
GPT-5 nano (medium),OpenAI,50B,energy_MWh,206902.6482783592,4.138052965567184,Wh
GPT-5 nano (medium),OpenAI,100B,energy_MWh,413805.29655671836,4.138052965567184,Wh
GPT-5 nano (medium),OpenAI,1B,water_kL,19108.9374445656,19.1089374445656,mL
GPT-5 nano (medium),OpenAI,50B,water_kL,955446.8722282798,19.1089374445656,mL
GPT-5 nano (medium),OpenAI,100B,water_kL,1910893.74445656,19.1089374445656,mL
GPT-5 nano (medium),OpenAI,1B,carbon_tCO2e,1406.9380082928424,1.4069380082928424,gCO2e
GPT-5 nano (medium),OpenAI,50B,carbon_tCO2e,70346.90041464212,1.4069380082928424,gCO2e
GPT-5 nano (medium),OpenAI,100B,carbon_tCO2e,140693.80082928424,1.4069380082928424,gCO2e
GPT-5 nano (medium),OpenAI,1B,households_MWh,3779.043804170944,4.138052965567184,Wh
GPT-5 nano (medium),OpenAI,50B,households_MWh,188952.1902085472,4.138052965567184,Wh
GPT-5 nano (medium),OpenAI,100B,households_MWh,377904.3804170944,4.138052965567184,Wh
GPT-5 nano (medium),OpenAI,1B,pools_kL,7.64357497782624,19.1089374445656,mL
GPT-5 nano (medium),OpenAI,50B,pools_kL,382.178748891312,19.1089374445656,mL
GPT-5 nano (medium),OpenAI,100B,pools_kL,764.3574977826239,19.1089374445656,mL
GPT-5 nano (medium),OpenAI,1B,flights_tCO2e,23.448966804880705,1.4069380082928424,gCO2e
GPT-5 nano (medium),OpenAI,50B,flights_tCO2e,1172.4483402440353,1.4069380082928424,gCO2e
GPT-5 nano (medium),OpenAI,100B,flights_tCO2e,2344.8966804880706,1.4069380082928424,gCO2e
DeepSeek V3 (DeepSeek),DeepSeek,1B,energy_MWh,13162.141320048508,13.162141320048509,Wh
DeepSeek V3 (DeepSeek),DeepSeek,50B,energy_MWh,658107.0660024253,13.162141320048509,Wh
DeepSeek V3 (DeepSeek),DeepSeek,100B,energy_MWh,1316214.1320048508,13.162141320048509,Wh
DeepSeek V3 (DeepSeek),DeepSeek,1B,water_kL,91620.11114523718,91.6201111452372,mL
DeepSeek V3 (DeepSeek),DeepSeek,50B,water_kL,4581005.557261859,91.6201111452372,mL
DeepSeek V3 (DeepSeek),DeepSeek,100B,water_kL,9162011.114523718,91.6201111452372,mL
DeepSeek V3 (DeepSeek),DeepSeek,1B,carbon_tCO2e,7897.284792029106,7.897284792029106,gCO2e
DeepSeek V3 (DeepSeek),DeepSeek,50B,carbon_tCO2e,394864.23960145534,7.897284792029106,gCO2e
DeepSeek V3 (DeepSeek),DeepSeek,100B,carbon_tCO2e,789728.4792029107,7.897284792029106,gCO2e
DeepSeek V3 (DeepSeek),DeepSeek,1B,households_MWh,12020.220383605943,13.162141320048509,Wh
DeepSeek V3 (DeepSeek),DeepSeek,50B,households_MWh,601011.019180297,13.162141320048509,Wh
DeepSeek V3 (DeepSeek),DeepSeek,100B,households_MWh,1202022.0383605943,13.162141320048509,Wh
DeepSeek V3 (DeepSeek),DeepSeek,1B,pools_kL,36.64804445809487,91.6201111452372,mL
DeepSeek V3 (DeepSeek),DeepSeek,50B,pools_kL,1832.402222904744,91.6201111452372,mL
DeepSeek V3 (DeepSeek),DeepSeek,100B,pools_kL,3664.8044458094873,91.6201111452372,mL
DeepSeek V3 (DeepSeek),DeepSeek,1B,flights_tCO2e,131.6214132004851,7.897284792029106,gCO2e
DeepSeek V3 (DeepSeek),DeepSeek,50B,flights_tCO2e,6581.070660024256,7.897284792029106,gCO2e
DeepSeek V3 (DeepSeek),DeepSeek,100B,flights_tCO2e,13162.141320048511,7.897284792029106,gCO2e
Grok 3 Fast,xAI,1B,energy_MWh,13471.830646688077,13.471830646688076,Wh
Grok 3 Fast,xAI,50B,energy_MWh,673591.5323344038,13.471830646688076,Wh
Grok 3 Fast,xAI,100B,energy_MWh,1347183.0646688077,13.471830646688076,Wh
Grok 3 Fast,xAI,1B,water_kL,45561.73124709906,45.56173124709906,mL
Grok 3 Fast,xAI,50B,water_kL,2278086.562354953,45.56173124709906,mL
Grok 3 Fast,xAI,100B,water_kL,4556173.124709906,45.56173124709906,mL
Grok 3 Fast,xAI,1B,carbon_tCO2e,5186.654798974909,5.186654798974909,gCO2e
Grok 3 Fast,xAI,50B,carbon_tCO2e,259332.7399487455,5.186654798974909,gCO2e
Grok 3 Fast,xAI,100B,carbon_tCO2e,518665.479897491,5.186654798974909,gCO2e
Grok 3 Fast,xAI,1B,households_MWh,12303.04168647313,13.471830646688076,Wh
Grok 3 Fast,xAI,50B,households_MWh,615152.0843236565,13.471830646688076,Wh
Grok 3 Fast,xAI,100B,households_MWh,1230304.168647313,13.471830646688076,Wh
Grok 3 Fast,xAI,1B,pools_kL,18.224692498839623,45.56173124709906,mL
Grok 3 Fast,xAI,50B,pools_kL,911.2346249419812,45.56173124709906,mL
Grok 3 Fast,xAI,100B,pools_kL,1822.4692498839624,45.56173124709906,mL
Grok 3 Fast,xAI,1B,flights_tCO2e,86.44424664958181,5.186654798974909,gCO2e
Grok 3 Fast,xAI,50B,flights_tCO2e,4322.212332479092,5.186654798974909,gCO2e
Grok 3 Fast,xAI,100B,flights_tCO2e,8644.424664958184,5.186654798974909,gCO2e
GPT-5 (minimal),OpenAI,1B,energy_MWh,6383.128686707559,6.383128686707559,Wh
GPT-5 (minimal),OpenAI,50B,energy_MWh,319156.43433537794,6.383128686707559,Wh
GPT-5 (minimal),OpenAI,100B,energy_MWh,638312.868670756,6.383128686707559,Wh
GPT-5 (minimal),OpenAI,1B,water_kL,29476.37639968883,29.47637639968883,mL
GPT-5 (minimal),OpenAI,50B,water_kL,1473818.8199844416,29.47637639968883,mL
GPT-5 (minimal),OpenAI,100B,water_kL,2947637.6399688832,29.47637639968883,mL
GPT-5 (minimal),OpenAI,1B,carbon_tCO2e,2170.2637534805704,2.17026375348057,gCO2e
GPT-5 (minimal),OpenAI,50B,carbon_tCO2e,108513.18767402852,2.17026375348057,gCO2e
GPT-5 (minimal),OpenAI,100B,carbon_tCO2e,217026.37534805704,2.17026375348057,gCO2e
GPT-5 (minimal),OpenAI,1B,households_MWh,5829.341266399597,6.383128686707559,Wh
GPT-5 (minimal),OpenAI,50B,households_MWh,291467.0633199799,6.383128686707559,Wh
GPT-5 (minimal),OpenAI,100B,households_MWh,582934.1266399596,6.383128686707559,Wh
GPT-5 (minimal),OpenAI,1B,pools_kL,11.790550559875532,29.47637639968883,mL
GPT-5 (minimal),OpenAI,50B,pools_kL,589.5275279937766,29.47637639968883,mL
GPT-5 (minimal),OpenAI,100B,pools_kL,1179.0550559875533,29.47637639968883,mL
GPT-5 (minimal),OpenAI,1B,flights_tCO2e,36.1710625580095,2.17026375348057,gCO2e
GPT-5 (minimal),OpenAI,50B,flights_tCO2e,1808.5531279004751,2.17026375348057,gCO2e
GPT-5 (minimal),OpenAI,100B,flights_tCO2e,3617.1062558009503,2.17026375348057,gCO2e
GPT-4.1,OpenAI,1B,energy_MWh,4833.167831397015,4.833167831397015,Wh
GPT-4.1,OpenAI,50B,energy_MWh,241658.3915698508,4.833167831397015,Wh
GPT-4.1,OpenAI,100B,energy_MWh,483316.78313970147,4.833167831397015,Wh
GPT-4.1,OpenAI,1B,water_kL,22318.87859284407,22.31887859284407,mL
GPT-4.1,OpenAI,50B,water_kL,1115943.9296422033,22.31887859284407,mL
GPT-4.1,OpenAI,100B,water_kL,2231887.8592844065,22.31887859284407,mL
GPT-4.1,OpenAI,1B,carbon_tCO2e,1643.277062674985,1.643277062674985,gCO2e
GPT-4.1,OpenAI,50B,carbon_tCO2e,82163.85313374926,1.643277062674985,gCO2e
GPT-4.1,OpenAI,100B,carbon_tCO2e,164327.70626749852,1.643277062674985,gCO2e
GPT-4.1,OpenAI,1B,households_MWh,4413.851900819192,4.833167831397015,Wh
GPT-4.1,OpenAI,50B,households_MWh,220692.5950409596,4.833167831397015,Wh
GPT-4.1,OpenAI,100B,households_MWh,441385.19008191925,4.833167831397015,Wh
GPT-4.1,OpenAI,1B,pools_kL,8.927551437137629,22.31887859284407,mL
GPT-4.1,OpenAI,50B,pools_kL,446.3775718568813,22.31887859284407,mL
GPT-4.1,OpenAI,100B,pools_kL,892.7551437137627,22.31887859284407,mL
GPT-4.1,OpenAI,1B,flights_tCO2e,27.387951044583083,1.643277062674985,gCO2e
GPT-4.1,OpenAI,50B,flights_tCO2e,1369.3975522291544,1.643277062674985,gCO2e
GPT-4.1,OpenAI,100B,flights_tCO2e,2738.7951044583087,1.643277062674985,gCO2e
GPT-4.1 mini,OpenAI,1B,energy_MWh,2121.9197005698456,2.121919700569846,Wh
GPT-4.1 mini,OpenAI,50B,energy_MWh,106095.98502849229,2.121919700569846,Wh
GPT-4.1 mini,OpenAI,100B,energy_MWh,212191.9700569846,2.121919700569846,Wh
GPT-4.1 mini,OpenAI,1B,water_kL,9798.722045845754,9.798722045845754,mL
GPT-4.1 mini,OpenAI,50B,water_kL,489936.1022922877,9.798722045845754,mL
GPT-4.1 mini,OpenAI,100B,water_kL,979872.2045845754,9.798722045845754,mL
GPT-4.1 mini,OpenAI,1B,carbon_tCO2e,721.4526981937478,0.7214526981937478,gCO2e
GPT-4.1 mini,OpenAI,50B,carbon_tCO2e,36072.63490968739,0.7214526981937478,gCO2e
GPT-4.1 mini,OpenAI,100B,carbon_tCO2e,72145.26981937478,0.7214526981937478,gCO2e
GPT-4.1 mini,OpenAI,1B,households_MWh,1937.8262105660688,2.121919700569846,Wh
GPT-4.1 mini,OpenAI,50B,households_MWh,96891.31052830348,2.121919700569846,Wh
GPT-4.1 mini,OpenAI,100B,households_MWh,193782.62105660688,2.121919700569846,Wh
GPT-4.1 mini,OpenAI,1B,pools_kL,3.919488818338301,9.798722045845754,mL
GPT-4.1 mini,OpenAI,50B,pools_kL,195.97444091691509,9.798722045845754,mL
GPT-4.1 mini,OpenAI,100B,pools_kL,391.94888183383017,9.798722045845754,mL
GPT-4.1 mini,OpenAI,1B,flights_tCO2e,12.024211636562464,0.7214526981937478,gCO2e
GPT-4.1 mini,OpenAI,50B,flights_tCO2e,601.2105818281232,0.7214526981937478,gCO2e
GPT-4.1 mini,OpenAI,100B,flights_tCO2e,1202.4211636562463,0.7214526981937478,gCO2e
GPT-5 mini (minimal),OpenAI,1B,energy_MWh,3169.122449002399,3.169122449002399,Wh
GPT-5 mini (minimal),OpenAI,50B,energy_MWh,158456.12245011996,3.169122449002399,Wh
GPT-5 mini (minimal),OpenAI,100B,energy_MWh,316912.2449002399,3.169122449002399,Wh
GPT-5 mini (minimal),OpenAI,1B,water_kL,14634.554737714649,14.634554737714646,mL
GPT-5 mini (minimal),OpenAI,50B,water_kL,731727.7368857323,14.634554737714646,mL
GPT-5 mini (minimal),OpenAI,100B,water_kL,1463455.4737714643,14.634554737714646,mL
GPT-5 mini (minimal),OpenAI,1B,carbon_tCO2e,1077.501632660816,1.0775016326608158,gCO2e
GPT-5 mini (minimal),OpenAI,50B,carbon_tCO2e,53875.08163304078,1.0775016326608158,gCO2e
GPT-5 mini (minimal),OpenAI,100B,carbon_tCO2e,107750.16326608157,1.0775016326608158,gCO2e
GPT-5 mini (minimal),OpenAI,1B,households_MWh,2894.1757525136068,3.169122449002399,Wh
GPT-5 mini (minimal),OpenAI,50B,households_MWh,144708.78762568033,3.169122449002399,Wh
GPT-5 mini (minimal),OpenAI,100B,households_MWh,289417.57525136066,3.169122449002399,Wh
GPT-5 mini (minimal),OpenAI,1B,pools_kL,5.853821895085859,14.634554737714646,mL
GPT-5 mini (minimal),OpenAI,50B,pools_kL,292.6910947542929,14.634554737714646,mL
GPT-5 mini (minimal),OpenAI,100B,pools_kL,585.3821895085858,14.634554737714646,mL
GPT-5 mini (minimal),OpenAI,1B,flights_tCO2e,17.95836054434693,1.0775016326608158,gCO2e
GPT-5 mini (minimal),OpenAI,50B,flights_tCO2e,897.9180272173464,1.0775016326608158,gCO2e
GPT-5 mini (minimal),OpenAI,100B,flights_tCO2e,1795.8360544346929,1.0775016326608158,gCO2e
DeepSeek V3 (Azure),DeepSeek,1B,energy_MWh,3696.037367979706,3.696037367979706,Wh
DeepSeek V3 (Azure),DeepSeek,50B,energy_MWh,184801.86839898527,3.696037367979706,Wh
DeepSeek V3 (Azure),DeepSeek,100B,energy_MWh,369603.7367979706,3.696037367979706,Wh
DeepSeek V3 (Azure),DeepSeek,1B,water_kL,17067.772559991998,17.067772559991997,mL
DeepSeek V3 (Azure),DeepSeek,50B,water_kL,853388.6279995999,17.067772559991997,mL
DeepSeek V3 (Azure),DeepSeek,100B,water_kL,1706777.2559991998,17.067772559991997,mL
DeepSeek V3 (Azure),DeepSeek,1B,carbon_tCO2e,1256.6527051131,1.2566527051131,gCO2e
DeepSeek V3 (Azure),DeepSeek,50B,carbon_tCO2e,62832.635255655,1.2566527051131,gCO2e
DeepSeek V3 (Azure),DeepSeek,100B,carbon_tCO2e,125665.27051131,1.2566527051131,gCO2e
DeepSeek V3 (Azure),DeepSeek,1B,households_MWh,3375.3765917622886,3.696037367979706,Wh
DeepSeek V3 (Azure),DeepSeek,50B,households_MWh,168768.8295881144,3.696037367979706,Wh
DeepSeek V3 (Azure),DeepSeek,100B,households_MWh,337537.65917622886,3.696037367979706,Wh
DeepSeek V3 (Azure),DeepSeek,1B,pools_kL,6.827109023996799,17.067772559991997,mL
DeepSeek V3 (Azure),DeepSeek,50B,pools_kL,341.35545119984,17.067772559991997,mL
DeepSeek V3 (Azure),DeepSeek,100B,pools_kL,682.71090239968,17.067772559991997,mL
DeepSeek V3 (Azure),DeepSeek,1B,flights_tCO2e,20.944211751885,1.2566527051131,gCO2e
DeepSeek V3 (Azure),DeepSeek,50B,flights_tCO2e,1047.21058759425,1.2566527051131,gCO2e
DeepSeek V3 (Azure),DeepSeek,100B,flights_tCO2e,2094.4211751885,1.2566527051131,gCO2e
Llama 4 Maverick,Meta,1B,energy_MWh,271.43397418815283,0.2714339741881528,Wh
Llama 4 Maverick,Meta,50B,energy_MWh,13571.69870940764,0.2714339741881528,Wh
Llama 4 Maverick,Meta,100B,energy_MWh,27143.397418815282,0.2714339741881528,Wh
Llama 4 Maverick,Meta,1B,water_kL,1432.599943767788,1.432599943767788,mL
Llama 4 Maverick,Meta,50B,water_kL,71629.9971883894,1.432599943767788,mL
Llama 4 Maverick,Meta,100B,water_kL,143259.9943767788,1.432599943767788,mL
Llama 4 Maverick,Meta,1B,carbon_tCO2e,81.43019225644585,0.0814301922564458,gCO2e
Llama 4 Maverick,Meta,50B,carbon_tCO2e,4071.509612822292,0.0814301922564458,gCO2e
Llama 4 Maverick,Meta,100B,carbon_tCO2e,8143.019225644584,0.0814301922564458,gCO2e
Llama 4 Maverick,Meta,1B,households_MWh,247.88490793438612,0.2714339741881528,Wh
Llama 4 Maverick,Meta,50B,households_MWh,12394.245396719309,0.2714339741881528,Wh
Llama 4 Maverick,Meta,100B,households_MWh,24788.490793438614,0.2714339741881528,Wh
Llama 4 Maverick,Meta,1B,pools_kL,0.5730399775071151,1.432599943767788,mL
Llama 4 Maverick,Meta,50B,pools_kL,28.65199887535576,1.432599943767788,mL
Llama 4 Maverick,Meta,100B,pools_kL,57.30399775071152,1.432599943767788,mL
Llama 4 Maverick,Meta,1B,flights_tCO2e,1.3571698709407642,0.0814301922564458,gCO2e
Llama 4 Maverick,Meta,50B,flights_tCO2e,67.85849354703821,0.0814301922564458,gCO2e
Llama 4 Maverick,Meta,100B,flights_tCO2e,135.71698709407642,0.0814301922564458,gCO2e
Mistral Medium 3,Mistral AI,1B,energy_MWh,7052.813545981275,7.052813545981275,Wh
Mistral Medium 3,Mistral AI,50B,energy_MWh,352640.6772990637,7.052813545981275,Wh
Mistral Medium 3,Mistral AI,100B,energy_MWh,705281.3545981274,7.052813545981275,Wh
Mistral Medium 3,Mistral AI,1B,water_kL,32568.88541054925,32.56888541054925,mL
Mistral Medium 3,Mistral AI,50B,water_kL,1628444.2705274625,32.56888541054925,mL
Mistral Medium 3,Mistral AI,100B,water_kL,3256888.541054925,32.56888541054925,mL
Mistral Medium 3,Mistral AI,1B,carbon_tCO2e,2397.956605633633,2.3979566056336337,gCO2e
Mistral Medium 3,Mistral AI,50B,carbon_tCO2e,119897.83028168169,2.3979566056336337,gCO2e
Mistral Medium 3,Mistral AI,100B,carbon_tCO2e,239795.66056336332,2.3979566056336337,gCO2e
Mistral Medium 3,Mistral AI,1B,households_MWh,6440.925612768288,7.052813545981275,Wh
Mistral Medium 3,Mistral AI,50B,households_MWh,322046.2806384144,7.052813545981275,Wh
Mistral Medium 3,Mistral AI,100B,households_MWh,644092.5612768289,7.052813545981275,Wh
Mistral Medium 3,Mistral AI,1B,pools_kL,13.0275541642197,32.56888541054925,mL
Mistral Medium 3,Mistral AI,50B,pools_kL,651.377708210985,32.56888541054925,mL
Mistral Medium 3,Mistral AI,100B,pools_kL,1302.75541642197,32.56888541054925,mL
Mistral Medium 3,Mistral AI,1B,flights_tCO2e,39.96594342722722,2.3979566056336337,gCO2e
Mistral Medium 3,Mistral AI,50B,flights_tCO2e,1998.2971713613613,2.3979566056336337,gCO2e
Mistral Medium 3,Mistral AI,100B,flights_tCO2e,3996.5943427227226,2.3979566056336337,gCO2e
GPT-5 nano (minimal),OpenAI,1B,energy_MWh,678.7697519699874,0.6787697519699873,Wh
GPT-5 nano (minimal),OpenAI,50B,energy_MWh,33938.48759849936,0.6787697519699873,Wh
GPT-5 nano (minimal),OpenAI,100B,energy_MWh,67876.97519699873,0.6787697519699873,Wh
GPT-5 nano (minimal),OpenAI,1B,water_kL,3134.461747489977,3.134461747489977,mL
GPT-5 nano (minimal),OpenAI,50B,water_kL,156723.08737449883,3.134461747489977,mL
GPT-5 nano (minimal),OpenAI,100B,water_kL,313446.17474899767,3.134461747489977,mL
GPT-5 nano (minimal),OpenAI,1B,carbon_tCO2e,230.7817156697957,0.2307817156697957,gCO2e
GPT-5 nano (minimal),OpenAI,50B,carbon_tCO2e,11539.085783489783,0.2307817156697957,gCO2e
GPT-5 nano (minimal),OpenAI,100B,carbon_tCO2e,23078.17156697957,0.2307817156697957,gCO2e
GPT-5 nano (minimal),OpenAI,1B,households_MWh,619.8810520273857,0.6787697519699873,Wh
GPT-5 nano (minimal),OpenAI,50B,households_MWh,30994.052601369283,0.6787697519699873,Wh
GPT-5 nano (minimal),OpenAI,100B,households_MWh,61988.105202738574,0.6787697519699873,Wh
GPT-5 nano (minimal),OpenAI,1B,pools_kL,1.2537846989959909,3.134461747489977,mL
GPT-5 nano (minimal),OpenAI,50B,pools_kL,62.689234949799534,3.134461747489977,mL
GPT-5 nano (minimal),OpenAI,100B,pools_kL,125.37846989959908,3.134461747489977,mL
GPT-5 nano (minimal),OpenAI,1B,flights_tCO2e,3.846361927829929,0.2307817156697957,gCO2e
GPT-5 nano (minimal),OpenAI,50B,flights_tCO2e,192.31809639149645,0.2307817156697957,gCO2e
GPT-5 nano (minimal),OpenAI,100B,flights_tCO2e,384.6361927829929,0.2307817156697957,gCO2e
Llama 4 Scout,Meta,1B,energy_MWh,378.0548506487936,0.3780548506487936,Wh
Llama 4 Scout,Meta,50B,energy_MWh,18902.742532439683,0.3780548506487936,Wh
Llama 4 Scout,Meta,100B,energy_MWh,37805.48506487936,0.3780548506487936,Wh
Llama 4 Scout,Meta,1B,water_kL,1995.3337064768964,1.9953337064768963,mL
Llama 4 Scout,Meta,50B,water_kL,99766.6853238448,1.9953337064768963,mL
Llama 4 Scout,Meta,100B,water_kL,199533.3706476896,1.9953337064768963,mL
Llama 4 Scout,Meta,1B,carbon_tCO2e,113.41645519463808,0.113416455194638,gCO2e
Llama 4 Scout,Meta,50B,carbon_tCO2e,5670.822759731904,0.113416455194638,gCO2e
Llama 4 Scout,Meta,100B,carbon_tCO2e,11341.645519463807,0.113416455194638,gCO2e
Llama 4 Scout,Meta,1B,households_MWh,345.2555713687613,0.3780548506487936,Wh
Llama 4 Scout,Meta,50B,households_MWh,17262.778568438065,0.3780548506487936,Wh
Llama 4 Scout,Meta,100B,households_MWh,34525.55713687613,0.3780548506487936,Wh
Llama 4 Scout,Meta,1B,pools_kL,0.7981334825907586,1.9953337064768963,mL
Llama 4 Scout,Meta,50B,pools_kL,39.906674129537926,1.9953337064768963,mL
Llama 4 Scout,Meta,100B,pools_kL,79.81334825907585,1.9953337064768963,mL
Llama 4 Scout,Meta,1B,flights_tCO2e,1.890274253243968,0.113416455194638,gCO2e
Llama 4 Scout,Meta,50B,flights_tCO2e,94.5137126621984,0.113416455194638,gCO2e
Llama 4 Scout,Meta,100B,flights_tCO2e,189.0274253243968,0.113416455194638,gCO2e
Llama 3.1 405B Latency Optimized,Meta,1B,energy_MWh,6856.324576057361,6.856324576057361,Wh
Llama 3.1 405B Latency Optimized,Meta,50B,energy_MWh,342816.22880286805,6.856324576057361,Wh
Llama 3.1 405B Latency Optimized,Meta,100B,energy_MWh,685632.4576057361,6.856324576057361,Wh
Llama 3.1 405B Latency Optimized,Meta,1B,water_kL,36186.959394054335,36.186959394054334,mL
Llama 3.1 405B Latency Optimized,Meta,50B,water_kL,1809347.9697027167,36.186959394054334,mL
Llama 3.1 405B Latency Optimized,Meta,100B,water_kL,3618695.9394054334,36.186959394054334,mL
Llama 3.1 405B Latency Optimized,Meta,1B,carbon_tCO2e,2056.8973728172086,2.0568973728172084,gCO2e
Llama 3.1 405B Latency Optimized,Meta,50B,carbon_tCO2e,102844.86864086044,2.0568973728172084,gCO2e
Llama 3.1 405B Latency Optimized,Meta,100B,carbon_tCO2e,205689.73728172085,2.0568973728172084,gCO2e
Llama 3.1 405B Latency Optimized,Meta,1B,households_MWh,6261.483631102613,6.856324576057361,Wh
Llama 3.1 405B Latency Optimized,Meta,50B,households_MWh,313074.18155513064,6.856324576057361,Wh
Llama 3.1 405B Latency Optimized,Meta,100B,households_MWh,626148.3631102613,6.856324576057361,Wh
Llama 3.1 405B Latency Optimized,Meta,1B,pools_kL,14.474783757621736,36.186959394054334,mL
Llama 3.1 405B Latency Optimized,Meta,50B,pools_kL,723.7391878810867,36.186959394054334,mL
Llama 3.1 405B Latency Optimized,Meta,100B,pools_kL,1447.4783757621733,36.186959394054334,mL
Llama 3.1 405B Latency Optimized,Meta,1B,flights_tCO2e,34.28162288028681,2.0568973728172084,gCO2e
Llama 3.1 405B Latency Optimized,Meta,50B,flights_tCO2e,1714.0811440143405,2.0568973728172084,gCO2e
Llama 3.1 405B Latency Optimized,Meta,100B,flights_tCO2e,3428.162288028681,2.0568973728172084,gCO2e
Llama 3.1 405B Standard,Meta,1B,energy_MWh,25201.718910218107,25.20171891021811,Wh
Llama 3.1 405B Standard,Meta,50B,energy_MWh,1260085.9455109057,25.20171891021811,Wh
Llama 3.1 405B Standard,Meta,100B,energy_MWh,2520171.891021811,25.20171891021811,Wh
Llama 3.1 405B Standard,Meta,1B,water_kL,133012.01959561429,133.01201959561428,mL
Llama 3.1 405B Standard,Meta,50B,water_kL,6650600.979780714,133.01201959561428,mL
Llama 3.1 405B Standard,Meta,100B,water_kL,13301201.959561428,133.01201959561428,mL
Llama 3.1 405B Standard,Meta,1B,carbon_tCO2e,7560.515673065432,7.560515673065431,gCO2e
Llama 3.1 405B Standard,Meta,50B,carbon_tCO2e,378025.7836532716,7.560515673065431,gCO2e
Llama 3.1 405B Standard,Meta,100B,carbon_tCO2e,756051.5673065431,7.560515673065431,gCO2e
Llama 3.1 405B Standard,Meta,1B,households_MWh,23015.26841115809,25.20171891021811,Wh
Llama 3.1 405B Standard,Meta,50B,households_MWh,1150763.4205579043,25.20171891021811,Wh
Llama 3.1 405B Standard,Meta,100B,households_MWh,2301526.841115809,25.20171891021811,Wh
Llama 3.1 405B Standard,Meta,1B,pools_kL,53.20480783824571,133.01201959561428,mL
Llama 3.1 405B Standard,Meta,50B,pools_kL,2660.2403919122858,133.01201959561428,mL
Llama 3.1 405B Standard,Meta,100B,pools_kL,5320.480783824572,133.01201959561428,mL
Llama 3.1 405B Standard,Meta,1B,flights_tCO2e,126.00859455109052,7.560515673065431,gCO2e
Llama 3.1 405B Standard,Meta,50B,flights_tCO2e,6300.429727554526,7.560515673065431,gCO2e
Llama 3.1 405B Standard,Meta,100B,flights_tCO2e,12600.859455109052,7.560515673065431,gCO2e
Llama 3.3 70B,Meta,1B,energy_MWh,1447.1097702111483,1.4471097702111486,Wh
Llama 3.3 70B,Meta,50B,energy_MWh,72355.48851055744,1.4471097702111486,Wh
Llama 3.3 70B,Meta,100B,energy_MWh,144710.97702111487,1.4471097702111486,Wh
Llama 3.3 70B,Meta,1B,water_kL,7637.69303983021,7.63769303983021,mL
Llama 3.3 70B,Meta,50B,water_kL,381884.6519915105,7.63769303983021,mL
Llama 3.3 70B,Meta,100B,water_kL,763769.3039830211,7.63769303983021,mL
Llama 3.3 70B,Meta,1B,carbon_tCO2e,434.1329310633445,0.4341329310633445,gCO2e
Llama 3.3 70B,Meta,50B,carbon_tCO2e,21706.64655316723,0.4341329310633445,gCO2e
Llama 3.3 70B,Meta,100B,carbon_tCO2e,43413.29310633446,0.4341329310633445,gCO2e
Llama 3.3 70B,Meta,1B,households_MWh,1321.561433982784,1.4471097702111486,Wh
Llama 3.3 70B,Meta,50B,households_MWh,66078.07169913921,1.4471097702111486,Wh
Llama 3.3 70B,Meta,100B,households_MWh,132156.1433982784,1.4471097702111486,Wh
Llama 3.3 70B,Meta,1B,pools_kL,3.055077215932084,7.63769303983021,mL
Llama 3.3 70B,Meta,50B,pools_kL,152.75386079660422,7.63769303983021,mL
Llama 3.3 70B,Meta,100B,pools_kL,305.50772159320843,7.63769303983021,mL
Llama 3.3 70B,Meta,1B,flights_tCO2e,7.235548851055742,0.4341329310633445,gCO2e
Llama 3.3 70B,Meta,50B,flights_tCO2e,361.7774425527872,0.4341329310633445,gCO2e
Llama 3.3 70B,Meta,100B,flights_tCO2e,723.5548851055743,0.4341329310633445,gCO2e
GPT-4.1 nano,OpenAI,1B,energy_MWh,826.9641768936486,0.8269641768936487,Wh
GPT-4.1 nano,OpenAI,50B,energy_MWh,41348.20884468244,0.8269641768936487,Wh
GPT-4.1 nano,OpenAI,100B,energy_MWh,82696.41768936487,0.8269641768936487,Wh
GPT-4.1 nano,OpenAI,1B,water_kL,3818.802431155313,3.818802431155313,mL
GPT-4.1 nano,OpenAI,50B,water_kL,190940.12155776564,3.818802431155313,mL
GPT-4.1 nano,OpenAI,100B,water_kL,381880.2431155313,3.818802431155313,mL
GPT-4.1 nano,OpenAI,1B,carbon_tCO2e,281.1678201438406,0.2811678201438405,gCO2e
GPT-4.1 nano,OpenAI,50B,carbon_tCO2e,14058.391007192027,0.2811678201438405,gCO2e
GPT-4.1 nano,OpenAI,100B,carbon_tCO2e,28116.782014384054,0.2811678201438405,gCO2e
GPT-4.1 nano,OpenAI,1B,households_MWh,755.2184263868937,0.8269641768936487,Wh
GPT-4.1 nano,OpenAI,50B,households_MWh,37760.92131934469,0.8269641768936487,Wh
GPT-4.1 nano,OpenAI,100B,households_MWh,75521.84263868937,0.8269641768936487,Wh
GPT-4.1 nano,OpenAI,1B,pools_kL,1.5275209724621253,3.818802431155313,mL
GPT-4.1 nano,OpenAI,50B,pools_kL,76.37604862310626,3.818802431155313,mL
GPT-4.1 nano,OpenAI,100B,pools_kL,152.75209724621251,3.818802431155313,mL
GPT-4.1 nano,OpenAI,1B,flights_tCO2e,4.6861303357306765,0.2811678201438405,gCO2e
GPT-4.1 nano,OpenAI,50B,flights_tCO2e,234.30651678653385,0.2811678201438405,gCO2e
GPT-4.1 nano,OpenAI,100B,flights_tCO2e,468.6130335730677,0.2811678201438405,gCO2e
GPT-4o (Nov),OpenAI,1B,energy_MWh,3009.2937927064822,3.0092937927064822,Wh
GPT-4o (Nov),OpenAI,50B,energy_MWh,150464.68963532412,3.0092937927064822,Wh
GPT-4o (Nov),OpenAI,100B,energy_MWh,300929.3792706482,3.0092937927064822,Wh
GPT-4o (Nov),OpenAI,1B,water_kL,13896.488835605289,13.896488835605288,mL
GPT-4o (Nov),OpenAI,50B,water_kL,694824.4417802644,13.896488835605288,mL
GPT-4o (Nov),OpenAI,100B,water_kL,1389648.8835605287,13.896488835605288,mL
GPT-4o (Nov),OpenAI,1B,carbon_tCO2e,1023.1598895202038,1.023159889520204,gCO2e
GPT-4o (Nov),OpenAI,50B,carbon_tCO2e,51157.99447601019,1.023159889520204,gCO2e
GPT-4o (Nov),OpenAI,100B,carbon_tCO2e,102315.9889520204,1.023159889520204,gCO2e
GPT-4o (Nov),OpenAI,1B,households_MWh,2748.2135093209886,3.0092937927064822,Wh
GPT-4o (Nov),OpenAI,50B,households_MWh,137410.67546604943,3.0092937927064822,Wh
GPT-4o (Nov),OpenAI,100B,households_MWh,274821.35093209887,3.0092937927064822,Wh
GPT-4o (Nov),OpenAI,1B,pools_kL,5.558595534242115,13.896488835605288,mL
GPT-4o (Nov),OpenAI,50B,pools_kL,277.92977671210576,13.896488835605288,mL
GPT-4o (Nov),OpenAI,100B,pools_kL,555.8595534242115,13.896488835605288,mL
GPT-4o (Nov),OpenAI,1B,flights_tCO2e,17.05266482533673,1.023159889520204,gCO2e
GPT-4o (Nov),OpenAI,50B,flights_tCO2e,852.6332412668365,1.023159889520204,gCO2e
GPT-4o (Nov),OpenAI,100B,flights_tCO2e,1705.266482533673,1.023159889520204,gCO2e
Mistral Large 2 (Azure),Mistral AI,1B,energy_MWh,9025.191325375872,9.025191325375872,Wh
Mistral Large 2 (Azure),Mistral AI,50B,energy_MWh,451259.5662687936,9.025191325375872,Wh
Mistral Large 2 (Azure),Mistral AI,100B,energy_MWh,902519.1325375872,9.025191325375872,Wh
Mistral Large 2 (Azure),Mistral AI,1B,water_kL,41677.0442275393,41.6770442275393,mL
Mistral Large 2 (Azure),Mistral AI,50B,water_kL,2083852.211376965,41.6770442275393,mL
Mistral Large 2 (Azure),Mistral AI,100B,water_kL,4167704.42275393,41.6770442275393,mL
Mistral Large 2 (Azure),Mistral AI,1B,carbon_tCO2e,3068.565050627797,3.068565050627797,gCO2e
Mistral Large 2 (Azure),Mistral AI,50B,carbon_tCO2e,153428.25253138985,3.068565050627797,gCO2e
Mistral Large 2 (Azure),Mistral AI,100B,carbon_tCO2e,306856.5050627797,3.068565050627797,gCO2e
Mistral Large 2 (Azure),Mistral AI,1B,households_MWh,8242.183858790751,9.025191325375872,Wh
Mistral Large 2 (Azure),Mistral AI,50B,households_MWh,412109.1929395375,9.025191325375872,Wh
Mistral Large 2 (Azure),Mistral AI,100B,households_MWh,824218.3858790752,9.025191325375872,Wh
Mistral Large 2 (Azure),Mistral AI,1B,pools_kL,16.67081769101572,41.6770442275393,mL
Mistral Large 2 (Azure),Mistral AI,50B,pools_kL,833.540884550786,41.6770442275393,mL
Mistral Large 2 (Azure),Mistral AI,100B,pools_kL,1667.081769101572,41.6770442275393,mL
Mistral Large 2 (Azure),Mistral AI,1B,flights_tCO2e,51.14275084379662,3.068565050627797,gCO2e
Mistral Large 2 (Azure),Mistral AI,50B,flights_tCO2e,2557.137542189831,3.068565050627797,gCO2e
Mistral Large 2 (Azure),Mistral AI,100B,flights_tCO2e,5114.275084379662,3.068565050627797,gCO2e
Llama 3.1 70B Standard,Meta,1B,energy_MWh,19182.9589178756,19.182958917875595,Wh
Llama 3.1 70B Standard,Meta,50B,energy_MWh,959147.9458937796,19.182958917875595,Wh
Llama 3.1 70B Standard,Meta,100B,energy_MWh,1918295.8917875595,19.182958917875595,Wh
Llama 3.1 70B Standard,Meta,1B,water_kL,101245.63790971394,101.24563790971396,mL
Llama 3.1 70B Standard,Meta,50B,water_kL,5062281.895485697,101.24563790971396,mL
Llama 3.1 70B Standard,Meta,100B,water_kL,10124563.790971396,101.24563790971396,mL
Llama 3.1 70B Standard,Meta,1B,carbon_tCO2e,5754.887675362679,5.754887675362679,gCO2e
Llama 3.1 70B Standard,Meta,50B,carbon_tCO2e,287744.38376813394,5.754887675362679,gCO2e
Llama 3.1 70B Standard,Meta,100B,carbon_tCO2e,575488.7675362679,5.754887675362679,gCO2e
Llama 3.1 70B Standard,Meta,1B,households_MWh,17518.683943265383,19.182958917875595,Wh
Llama 3.1 70B Standard,Meta,50B,households_MWh,875934.1971632692,19.182958917875595,Wh
Llama 3.1 70B Standard,Meta,100B,households_MWh,1751868.3943265383,19.182958917875595,Wh
Llama 3.1 70B Standard,Meta,1B,pools_kL,40.49825516388557,101.24563790971396,mL
Llama 3.1 70B Standard,Meta,50B,pools_kL,2024.912758194279,101.24563790971396,mL
Llama 3.1 70B Standard,Meta,100B,pools_kL,4049.825516388558,101.24563790971396,mL
Llama 3.1 70B Standard,Meta,1B,flights_tCO2e,95.914794589378,5.754887675362679,gCO2e
Llama 3.1 70B Standard,Meta,50B,flights_tCO2e,4795.739729468899,5.754887675362679,gCO2e
Llama 3.1 70B Standard,Meta,100B,flights_tCO2e,9591.479458937798,5.754887675362679,gCO2e
Llama 3.1 70B Latency Optimized,Meta,1B,energy_MWh,2262.5554782030117,2.2625554782030117,Wh
Llama 3.1 70B Latency Optimized,Meta,50B,energy_MWh,113127.77391015056,2.2625554782030117,Wh
Llama 3.1 70B Latency Optimized,Meta,100B,energy_MWh,226255.54782030117,2.2625554782030117,Wh
Llama 3.1 70B Latency Optimized,Meta,1B,water_kL,11941.529650220946,11.941529650220946,mL
Llama 3.1 70B Latency Optimized,Meta,50B,water_kL,597076.4825110473,11.941529650220946,mL
Llama 3.1 70B Latency Optimized,Meta,100B,water_kL,1194152.9650220943,11.941529650220946,mL
Llama 3.1 70B Latency Optimized,Meta,1B,carbon_tCO2e,678.7666434609033,0.6787666434609033,gCO2e
Llama 3.1 70B Latency Optimized,Meta,50B,carbon_tCO2e,33938.33217304517,0.6787666434609033,gCO2e
Llama 3.1 70B Latency Optimized,Meta,100B,carbon_tCO2e,67876.66434609034,0.6787666434609033,gCO2e
Llama 3.1 70B Latency Optimized,Meta,1B,households_MWh,2066.2607106876817,2.2625554782030117,Wh
Llama 3.1 70B Latency Optimized,Meta,50B,households_MWh,103313.0355343841,2.2625554782030117,Wh
Llama 3.1 70B Latency Optimized,Meta,100B,households_MWh,206626.07106876816,2.2625554782030117,Wh
Llama 3.1 70B Latency Optimized,Meta,1B,pools_kL,4.776611860088378,11.941529650220946,mL
Llama 3.1 70B Latency Optimized,Meta,50B,pools_kL,238.8305930044189,11.941529650220946,mL
Llama 3.1 70B Latency Optimized,Meta,100B,pools_kL,477.6611860088378,11.941529650220946,mL
Llama 3.1 70B Latency Optimized,Meta,1B,flights_tCO2e,11.312777391015056,0.6787666434609033,gCO2e
Llama 3.1 70B Latency Optimized,Meta,50B,flights_tCO2e,565.6388695507528,0.6787666434609033,gCO2e
Llama 3.1 70B Latency Optimized,Meta,100B,flights_tCO2e,1131.2777391015056,0.6787666434609033,gCO2e
Llama 3.1 8B,Meta,1B,energy_MWh,443.0452862834718,0.4430452862834718,Wh
Llama 3.1 8B,Meta,50B,energy_MWh,22152.26431417359,0.4430452862834718,Wh
Llama 3.1 8B,Meta,100B,energy_MWh,44304.52862834717,0.4430452862834718,Wh
Llama 3.1 8B,Meta,1B,water_kL,2338.34638465824,2.33834638465824,mL
Llama 3.1 8B,Meta,50B,water_kL,116917.319232912,2.33834638465824,mL
Llama 3.1 8B,Meta,100B,water_kL,233834.638465824,2.33834638465824,mL
Llama 3.1 8B,Meta,1B,carbon_tCO2e,132.91358588504153,0.1329135858850415,gCO2e
Llama 3.1 8B,Meta,50B,carbon_tCO2e,6645.679294252077,0.1329135858850415,gCO2e
Llama 3.1 8B,Meta,100B,carbon_tCO2e,13291.358588504154,0.1329135858850415,gCO2e
Llama 3.1 8B,Meta,1B,households_MWh,404.60756738216605,0.4430452862834718,Wh
Llama 3.1 8B,Meta,50B,households_MWh,20230.3783691083,0.4430452862834718,Wh
Llama 3.1 8B,Meta,100B,households_MWh,40460.7567382166,0.4430452862834718,Wh
Llama 3.1 8B,Meta,1B,pools_kL,0.935338553863296,2.33834638465824,mL
Llama 3.1 8B,Meta,50B,pools_kL,46.7669276931648,2.33834638465824,mL
Llama 3.1 8B,Meta,100B,pools_kL,93.5338553863296,2.33834638465824,mL
Llama 3.1 8B,Meta,1B,flights_tCO2e,2.215226431417358,0.1329135858850415,gCO2e
Llama 3.1 8B,Meta,50B,flights_tCO2e,110.76132157086796,0.1329135858850415,gCO2e
Llama 3.1 8B,Meta,100B,flights_tCO2e,221.5226431417359,0.1329135858850415,gCO2e
Llama 3.2 11B (Vision),Meta,1B,energy_MWh,1086.6562486114924,1.0866562486114923,Wh
Llama 3.2 11B (Vision),Meta,50B,energy_MWh,54332.81243057462,1.0866562486114923,Wh
Llama 3.2 11B (Vision),Meta,100B,energy_MWh,108665.62486114923,1.0866562486114923,Wh
Llama 3.2 11B (Vision),Meta,1B,water_kL,5735.257295303182,5.735257295303183,mL
Llama 3.2 11B (Vision),Meta,50B,water_kL,286762.86476515915,5.735257295303183,mL
Llama 3.2 11B (Vision),Meta,100B,water_kL,573525.7295303183,5.735257295303183,mL
Llama 3.2 11B (Vision),Meta,1B,carbon_tCO2e,325.9968745834478,0.3259968745834478,gCO2e
Llama 3.2 11B (Vision),Meta,50B,carbon_tCO2e,16299.843729172388,0.3259968745834478,gCO2e
Llama 3.2 11B (Vision),Meta,100B,carbon_tCO2e,32599.68745834477,0.3259968745834478,gCO2e
Llama 3.2 11B (Vision),Meta,1B,households_MWh,992.380135718258,1.0866562486114923,Wh
Llama 3.2 11B (Vision),Meta,50B,households_MWh,49619.00678591289,1.0866562486114923,Wh
Llama 3.2 11B (Vision),Meta,100B,households_MWh,99238.0135718258,1.0866562486114923,Wh
Llama 3.2 11B (Vision),Meta,1B,pools_kL,2.294102918121273,5.735257295303183,mL
Llama 3.2 11B (Vision),Meta,50B,pools_kL,114.70514590606366,5.735257295303183,mL
Llama 3.2 11B (Vision),Meta,100B,pools_kL,229.41029181212733,5.735257295303183,mL
Llama 3.2 11B (Vision),Meta,1B,flights_tCO2e,5.433281243057463,0.3259968745834478,gCO2e
Llama 3.2 11B (Vision),Meta,50B,flights_tCO2e,271.6640621528731,0.3259968745834478,gCO2e
Llama 3.2 11B (Vision),Meta,100B,flights_tCO2e,543.3281243057462,0.3259968745834478,gCO2e
Llama 3.2 1B,Meta,1B,energy_MWh,551.6386610406485,0.5516386610406485,Wh
Llama 3.2 1B,Meta,50B,energy_MWh,27581.933052032426,0.5516386610406485,Wh
Llama 3.2 1B,Meta,100B,energy_MWh,55163.86610406485,0.5516386610406485,Wh
Llama 3.2 1B,Meta,1B,water_kL,2911.4907857450653,2.911490785745065,mL
Llama 3.2 1B,Meta,50B,water_kL,145574.53928725325,2.911490785745065,mL
Llama 3.2 1B,Meta,100B,water_kL,291149.0785745065,2.911490785745065,mL
Llama 3.2 1B,Meta,1B,carbon_tCO2e,165.49159831219455,0.1654915983121945,gCO2e
Llama 3.2 1B,Meta,50B,carbon_tCO2e,8274.579915609727,0.1654915983121945,gCO2e
Llama 3.2 1B,Meta,100B,carbon_tCO2e,16549.159831219455,0.1654915983121945,gCO2e
Llama 3.2 1B,Meta,1B,households_MWh,503.7795991238799,0.5516386610406485,Wh
Llama 3.2 1B,Meta,50B,households_MWh,25188.979956194,0.5516386610406485,Wh
Llama 3.2 1B,Meta,100B,households_MWh,50377.95991238799,0.5516386610406485,Wh
Llama 3.2 1B,Meta,1B,pools_kL,1.164596314298026,2.911490785745065,mL
Llama 3.2 1B,Meta,50B,pools_kL,58.2298157149013,2.911490785745065,mL
Llama 3.2 1B,Meta,100B,pools_kL,116.4596314298026,2.911490785745065,mL
Llama 3.2 1B,Meta,1B,flights_tCO2e,2.7581933052032426,0.1654915983121945,gCO2e
Llama 3.2 1B,Meta,50B,flights_tCO2e,137.90966526016211,0.1654915983121945,gCO2e
Llama 3.2 1B,Meta,100B,flights_tCO2e,275.81933052032423,0.1654915983121945,gCO2e
Llama 3.2 90B (Vision),Meta,1B,energy_MWh,6852.134510621107,6.852134510621108,Wh
Llama 3.2 90B (Vision),Meta,50B,energy_MWh,342606.72553105536,6.852134510621108,Wh
Llama 3.2 90B (Vision),Meta,100B,energy_MWh,685213.4510621107,6.852134510621108,Wh
Llama 3.2 90B (Vision),Meta,1B,water_kL,36164.8446697413,36.1648446697413,mL
Llama 3.2 90B (Vision),Meta,50B,water_kL,1808242.233487065,36.1648446697413,mL
Llama 3.2 90B (Vision),Meta,100B,water_kL,3616484.46697413,36.1648446697413,mL
Llama 3.2 90B (Vision),Meta,1B,carbon_tCO2e,2055.640353186332,2.055640353186332,gCO2e
Llama 3.2 90B (Vision),Meta,50B,carbon_tCO2e,102782.0176593166,2.055640353186332,gCO2e
Llama 3.2 90B (Vision),Meta,100B,carbon_tCO2e,205564.0353186332,2.055640353186332,gCO2e
Llama 3.2 90B (Vision),Meta,1B,households_MWh,6257.657087325212,6.852134510621108,Wh
Llama 3.2 90B (Vision),Meta,50B,households_MWh,312882.8543662606,6.852134510621108,Wh
Llama 3.2 90B (Vision),Meta,100B,households_MWh,625765.7087325212,6.852134510621108,Wh
Llama 3.2 90B (Vision),Meta,1B,pools_kL,14.46593786789652,36.1648446697413,mL
Llama 3.2 90B (Vision),Meta,50B,pools_kL,723.2968933948259,36.1648446697413,mL
Llama 3.2 90B (Vision),Meta,100B,pools_kL,1446.593786789652,36.1648446697413,mL
Llama 3.2 90B (Vision),Meta,1B,flights_tCO2e,34.260672553105536,2.055640353186332,gCO2e
Llama 3.2 90B (Vision),Meta,50B,flights_tCO2e,1713.0336276552769,2.055640353186332,gCO2e
Llama 3.2 90B (Vision),Meta,100B,flights_tCO2e,3426.0672553105537,2.055640353186332,gCO2e
o1,OpenAI,1B,energy_MWh,6180.693592631311,6.180693592631311,Wh
o1,OpenAI,50B,energy_MWh,309034.6796315656,6.180693592631311,Wh
o1,OpenAI,100B,energy_MWh,618069.359263131,6.180693592631311,Wh
o1,OpenAI,1B,water_kL,28541.560054543872,28.541560054543872,mL
o1,OpenAI,50B,water_kL,1427078.0027271935,28.541560054543872,mL
o1,OpenAI,100B,water_kL,2854156.005454387,28.541560054543872,mL
o1,OpenAI,1B,carbon_tCO2e,2101.4358214946456,2.1014358214946456,gCO2e
o1,OpenAI,50B,carbon_tCO2e,105071.79107473227,2.1014358214946456,gCO2e
o1,OpenAI,100B,carbon_tCO2e,210143.58214946452,2.1014358214946456,gCO2e
o1,OpenAI,1B,households_MWh,5644.469034366494,6.180693592631311,Wh
o1,OpenAI,50B,households_MWh,282223.45171832474,6.180693592631311,Wh
o1,OpenAI,100B,households_MWh,564446.9034366495,6.180693592631311,Wh
o1,OpenAI,1B,pools_kL,11.41662402181755,28.541560054543872,mL
o1,OpenAI,50B,pools_kL,570.8312010908774,28.541560054543872,mL
o1,OpenAI,100B,pools_kL,1141.6624021817547,28.541560054543872,mL
o1,OpenAI,1B,flights_tCO2e,35.023930358244094,2.1014358214946456,gCO2e
o1,OpenAI,50B,flights_tCO2e,1751.1965179122046,2.1014358214946456,gCO2e
o1,OpenAI,100B,flights_tCO2e,3502.3930358244093,2.1014358214946456,gCO2e
o1-mini,OpenAI,1B,energy_MWh,2316.810241263804,2.3168102412638034,Wh
o1-mini,OpenAI,50B,energy_MWh,115840.51206319018,2.3168102412638034,Wh
o1-mini,OpenAI,100B,energy_MWh,231681.02412638033,2.3168102412638034,Wh
o1-mini,OpenAI,1B,water_kL,10698.698721264636,10.698698721264634,mL
o1-mini,OpenAI,50B,water_kL,534934.9360632317,10.698698721264634,mL
o1-mini,OpenAI,100B,water_kL,1069869.872126463,10.698698721264634,mL
o1-mini,OpenAI,1B,carbon_tCO2e,787.7154820296934,0.7877154820296933,gCO2e
o1-mini,OpenAI,50B,carbon_tCO2e,39385.77410148466,0.7877154820296933,gCO2e
o1-mini,OpenAI,100B,carbon_tCO2e,78771.54820296932,0.7877154820296933,gCO2e
o1-mini,OpenAI,1B,households_MWh,2115.808439510323,2.3168102412638034,Wh
o1-mini,OpenAI,50B,households_MWh,105790.42197551616,2.3168102412638034,Wh
o1-mini,OpenAI,100B,households_MWh,211580.8439510323,2.3168102412638034,Wh
o1-mini,OpenAI,1B,pools_kL,4.279479488505854,10.698698721264634,mL
o1-mini,OpenAI,50B,pools_kL,213.97397442529268,10.698698721264634,mL
o1-mini,OpenAI,100B,pools_kL,427.94794885058536,10.698698721264634,mL
o1-mini,OpenAI,1B,flights_tCO2e,13.128591367161556,0.7877154820296933,gCO2e
o1-mini,OpenAI,50B,flights_tCO2e,656.4295683580777,0.7877154820296933,gCO2e
o1-mini,OpenAI,100B,flights_tCO2e,1312.8591367161555,0.7877154820296933,gCO2e
GPT-4o (Aug),OpenAI,1B,energy_MWh,2221.4537874564176,2.2214537874564177,Wh
GPT-4o (Aug),OpenAI,50B,energy_MWh,111072.6893728209,2.2214537874564177,Wh
GPT-4o (Aug),OpenAI,100B,energy_MWh,222145.3787456418,2.2214537874564177,Wh
GPT-4o (Aug),OpenAI,1B,water_kL,10258.35623993267,10.258356239932668,mL
GPT-4o (Aug),OpenAI,50B,water_kL,512917.8119966334,10.258356239932668,mL
GPT-4o (Aug),OpenAI,100B,water_kL,1025835.6239932668,10.258356239932668,mL
GPT-4o (Aug),OpenAI,1B,carbon_tCO2e,755.294287735182,0.755294287735182,gCO2e
GPT-4o (Aug),OpenAI,50B,carbon_tCO2e,37764.7143867591,0.755294287735182,gCO2e
GPT-4o (Aug),OpenAI,100B,carbon_tCO2e,75529.4287735182,0.755294287735182,gCO2e
GPT-4o (Aug),OpenAI,1B,households_MWh,2028.724920051523,2.2214537874564177,Wh
GPT-4o (Aug),OpenAI,50B,households_MWh,101436.24600257615,2.2214537874564177,Wh
GPT-4o (Aug),OpenAI,100B,households_MWh,202872.4920051523,2.2214537874564177,Wh
GPT-4o (Aug),OpenAI,1B,pools_kL,4.103342495973068,10.258356239932668,mL
GPT-4o (Aug),OpenAI,50B,pools_kL,205.16712479865336,10.258356239932668,mL
GPT-4o (Aug),OpenAI,100B,pools_kL,410.3342495973067,10.258356239932668,mL
GPT-4o (Aug),OpenAI,1B,flights_tCO2e,12.5882381289197,0.755294287735182,gCO2e
GPT-4o (Aug),OpenAI,50B,flights_tCO2e,629.411906445985,0.755294287735182,gCO2e
GPT-4o (Aug),OpenAI,100B,flights_tCO2e,1258.82381289197,0.755294287735182,gCO2e
GPT-4o (May),OpenAI,1B,energy_MWh,5481.177700681429,5.481177700681429,Wh
GPT-4o (May),OpenAI,50B,energy_MWh,274058.88503407146,5.481177700681429,Wh
GPT-4o (May),OpenAI,100B,energy_MWh,548117.7700681429,5.481177700681429,Wh
GPT-4o (May),OpenAI,1B,water_kL,25311.29559636103,25.311295596361028,mL
GPT-4o (May),OpenAI,50B,water_kL,1265564.7798180515,25.311295596361028,mL
GPT-4o (May),OpenAI,100B,water_kL,2531129.559636103,25.311295596361028,mL
GPT-4o (May),OpenAI,1B,carbon_tCO2e,1863.600418231686,1.863600418231686,gCO2e
GPT-4o (May),OpenAI,50B,carbon_tCO2e,93180.0209115843,1.863600418231686,gCO2e
GPT-4o (May),OpenAI,100B,carbon_tCO2e,186360.0418231686,1.863600418231686,gCO2e
GPT-4o (May),OpenAI,1B,households_MWh,5005.641735782127,5.481177700681429,Wh
GPT-4o (May),OpenAI,50B,households_MWh,250282.0867891064,5.481177700681429,Wh
GPT-4o (May),OpenAI,100B,households_MWh,500564.17357821274,5.481177700681429,Wh
GPT-4o (May),OpenAI,1B,pools_kL,10.124518238544413,25.311295596361028,mL
GPT-4o (May),OpenAI,50B,pools_kL,506.2259119272206,25.311295596361028,mL
GPT-4o (May),OpenAI,100B,pools_kL,1012.4518238544412,25.311295596361028,mL
GPT-4o (May),OpenAI,1B,flights_tCO2e,31.0600069705281,1.863600418231686,gCO2e
GPT-4o (May),OpenAI,50B,flights_tCO2e,1553.000348526405,1.863600418231686,gCO2e
GPT-4o (May),OpenAI,100B,flights_tCO2e,3106.00069705281,1.863600418231686,gCO2e
GPT-4 Turbo,OpenAI,1B,energy_MWh,9876.51038051871,9.87651038051871,Wh
GPT-4 Turbo,OpenAI,50B,energy_MWh,493825.5190259355,9.87651038051871,Wh
GPT-4 Turbo,OpenAI,100B,energy_MWh,987651.038051871,9.87651038051871,Wh
GPT-4 Turbo,OpenAI,1B,water_kL,45608.31400718103,45.60831400718103,mL
GPT-4 Turbo,OpenAI,50B,water_kL,2280415.700359051,45.60831400718103,mL
GPT-4 Turbo,OpenAI,100B,water_kL,4560831.400718102,45.60831400718103,mL
GPT-4 Turbo,OpenAI,1B,carbon_tCO2e,3358.013529376361,3.358013529376361,gCO2e
GPT-4 Turbo,OpenAI,50B,carbon_tCO2e,167900.67646881807,3.358013529376361,gCO2e
GPT-4 Turbo,OpenAI,100B,carbon_tCO2e,335801.35293763614,3.358013529376361,gCO2e
GPT-4 Turbo,OpenAI,1B,households_MWh,9019.64418312211,9.87651038051871,Wh
GPT-4 Turbo,OpenAI,50B,households_MWh,450982.2091561055,9.87651038051871,Wh
GPT-4 Turbo,OpenAI,100B,households_MWh,901964.4183122109,9.87651038051871,Wh
GPT-4 Turbo,OpenAI,1B,pools_kL,18.24332560287241,45.60831400718103,mL
GPT-4 Turbo,OpenAI,50B,pools_kL,912.1662801436204,45.60831400718103,mL
GPT-4 Turbo,OpenAI,100B,pools_kL,1824.332560287241,45.60831400718103,mL
GPT-4 Turbo,OpenAI,1B,flights_tCO2e,55.966892156272685,3.358013529376361,gCO2e
GPT-4 Turbo,OpenAI,50B,flights_tCO2e,2798.3446078136344,3.358013529376361,gCO2e
GPT-4 Turbo,OpenAI,100B,flights_tCO2e,5596.689215627269,3.358013529376361,gCO2e
GPT-4o mini,OpenAI,1B,energy_MWh,3098.254741466083,3.098254741466083,Wh
GPT-4o mini,OpenAI,50B,energy_MWh,154912.73707330416,3.098254741466083,Wh
GPT-4o mini,OpenAI,100B,energy_MWh,309825.47414660826,3.098254741466083,Wh
GPT-4o mini,OpenAI,1B,water_kL,14307.297788270158,14.30729778827016,mL
GPT-4o mini,OpenAI,50B,water_kL,715364.889413508,14.30729778827016,mL
GPT-4o mini,OpenAI,100B,water_kL,1430729.778827016,14.30729778827016,mL
GPT-4o mini,OpenAI,1B,carbon_tCO2e,1053.4066120984685,1.0534066120984682,gCO2e
GPT-4o mini,OpenAI,50B,carbon_tCO2e,52670.33060492341,1.0534066120984682,gCO2e
GPT-4o mini,OpenAI,100B,carbon_tCO2e,105340.66120984682,1.0534066120984682,gCO2e
GPT-4o mini,OpenAI,1B,households_MWh,2829.4563849005326,3.098254741466083,Wh
GPT-4o mini,OpenAI,50B,households_MWh,141472.81924502662,3.098254741466083,Wh
GPT-4o mini,OpenAI,100B,households_MWh,282945.63849005324,3.098254741466083,Wh
GPT-4o mini,OpenAI,1B,pools_kL,5.722919115308064,14.30729778827016,mL
GPT-4o mini,OpenAI,50B,pools_kL,286.1459557654032,14.30729778827016,mL
GPT-4o mini,OpenAI,100B,pools_kL,572.2919115308064,14.30729778827016,mL
GPT-4o mini,OpenAI,1B,flights_tCO2e,17.556776868307804,1.0534066120984682,gCO2e
GPT-4o mini,OpenAI,50B,flights_tCO2e,877.8388434153901,1.0534066120984682,gCO2e
GPT-4o mini,OpenAI,100B,flights_tCO2e,1755.6776868307802,1.0534066120984682,gCO2e
GPT-4o (Mar),OpenAI,1B,energy_MWh,2874.698430170669,2.874698430170669,Wh
GPT-4o (Mar),OpenAI,50B,energy_MWh,143734.92150853344,2.874698430170669,Wh
GPT-4o (Mar),OpenAI,100B,energy_MWh,287469.8430170669,2.874698430170669,Wh
GPT-4o (Mar),OpenAI,1B,water_kL,13274.946679323835,13.274946679323838,mL
GPT-4o (Mar),OpenAI,50B,water_kL,663747.333966192,13.274946679323838,mL
GPT-4o (Mar),OpenAI,100B,water_kL,1327494.667932384,13.274946679323838,mL
GPT-4o (Mar),OpenAI,1B,carbon_tCO2e,977.3974662580276,0.9773974662580276,gCO2e
GPT-4o (Mar),OpenAI,50B,carbon_tCO2e,48869.87331290138,0.9773974662580276,gCO2e
GPT-4o (Mar),OpenAI,100B,carbon_tCO2e,97739.74662580276,0.9773974662580276,gCO2e
GPT-4o (Mar),OpenAI,1B,households_MWh,2625.295370018876,2.874698430170669,Wh
GPT-4o (Mar),OpenAI,50B,households_MWh,131264.76850094378,2.874698430170669,Wh
GPT-4o (Mar),OpenAI,100B,households_MWh,262529.53700188757,2.874698430170669,Wh
GPT-4o (Mar),OpenAI,1B,pools_kL,5.309978671729535,13.274946679323838,mL
GPT-4o (Mar),OpenAI,50B,pools_kL,265.4989335864768,13.274946679323838,mL
GPT-4o (Mar),OpenAI,100B,pools_kL,530.9978671729535,13.274946679323838,mL
GPT-4o (Mar),OpenAI,1B,flights_tCO2e,16.289957770967124,0.9773974662580276,gCO2e
GPT-4o (Mar),OpenAI,50B,flights_tCO2e,814.4978885483563,0.9773974662580276,gCO2e
GPT-4o (Mar),OpenAI,100B,flights_tCO2e,1628.9957770967126,0.9773974662580276,gCO2e
o3-pro,OpenAI,1B,energy_MWh,49932.31226190828,49.93231226190828,Wh
o3-pro,OpenAI,50B,energy_MWh,2496615.613095414,49.93231226190828,Wh
o3-pro,OpenAI,100B,energy_MWh,4993231.226190828,49.93231226190828,Wh
o3-pro,OpenAI,1B,water_kL,230580.28483802645,230.58028483802644,mL
o3-pro,OpenAI,50B,water_kL,11529014.241901323,230.58028483802644,mL
o3-pro,OpenAI,100B,water_kL,23058028.483802646,230.58028483802644,mL
o3-pro,OpenAI,1B,carbon_tCO2e,16976.986169048818,16.976986169048818,gCO2e
o3-pro,OpenAI,50B,carbon_tCO2e,848849.3084524409,16.976986169048818,gCO2e
o3-pro,OpenAI,100B,carbon_tCO2e,1697698.6169048818,16.976986169048818,gCO2e
o3-pro,OpenAI,1B,households_MWh,45600.28517069249,49.93231226190828,Wh
o3-pro,OpenAI,50B,households_MWh,2280014.2585346247,49.93231226190828,Wh
o3-pro,OpenAI,100B,households_MWh,4560028.517069249,49.93231226190828,Wh
o3-pro,OpenAI,1B,pools_kL,92.23211393521058,230.58028483802644,mL
o3-pro,OpenAI,50B,pools_kL,4611.605696760529,230.58028483802644,mL
o3-pro,OpenAI,100B,pools_kL,9223.211393521058,230.58028483802644,mL
o3-pro,OpenAI,1B,flights_tCO2e,282.94976948414694,16.976986169048818,gCO2e
o3-pro,OpenAI,50B,flights_tCO2e,14147.488474207348,16.976986169048818,gCO2e
o3-pro,OpenAI,100B,flights_tCO2e,28294.976948414696,16.976986169048818,gCO2e
GPT-4o (ChatGPT),OpenAI,1B,energy_MWh,2698.6499077925278,2.6986499077925274,Wh
GPT-4o (ChatGPT),OpenAI,50B,energy_MWh,134932.4953896264,2.6986499077925274,Wh
GPT-4o (ChatGPT),OpenAI,100B,energy_MWh,269864.9907792527,2.6986499077925274,Wh
GPT-4o (ChatGPT),OpenAI,1B,water_kL,12461.97975277049,12.46197975277049,mL
GPT-4o (ChatGPT),OpenAI,50B,water_kL,623098.9876385246,12.46197975277049,mL
GPT-4o (ChatGPT),OpenAI,100B,water_kL,1246197.9752770492,12.46197975277049,mL
GPT-4o (ChatGPT),OpenAI,1B,carbon_tCO2e,917.5409686494592,0.9175409686494592,gCO2e
GPT-4o (ChatGPT),OpenAI,50B,carbon_tCO2e,45877.04843247296,0.9175409686494592,gCO2e
GPT-4o (ChatGPT),OpenAI,100B,carbon_tCO2e,91754.09686494592,0.9175409686494592,gCO2e
GPT-4o (ChatGPT),OpenAI,1B,households_MWh,2464.520463737468,2.6986499077925274,Wh
GPT-4o (ChatGPT),OpenAI,50B,households_MWh,123226.0231868734,2.6986499077925274,Wh
GPT-4o (ChatGPT),OpenAI,100B,households_MWh,246452.04637374682,2.6986499077925274,Wh
GPT-4o (ChatGPT),OpenAI,1B,pools_kL,4.9847919011081965,12.46197975277049,mL
GPT-4o (ChatGPT),OpenAI,50B,pools_kL,249.23959505540984,12.46197975277049,mL
GPT-4o (ChatGPT),OpenAI,100B,pools_kL,498.4791901108197,12.46197975277049,mL
GPT-4o (ChatGPT),OpenAI,1B,flights_tCO2e,15.292349477490989,0.9175409686494592,gCO2e
GPT-4o (ChatGPT),OpenAI,50B,flights_tCO2e,764.6174738745493,0.9175409686494592,gCO2e
GPT-4o (ChatGPT),OpenAI,100B,flights_tCO2e,1529.2349477490986,0.9175409686494592,gCO2e
o3-mini,OpenAI,1B,energy_MWh,3524.732297037093,3.524732297037093,Wh
o3-mini,OpenAI,50B,energy_MWh,176236.61485185465,3.524732297037093,Wh
o3-mini,OpenAI,100B,energy_MWh,352473.2297037093,3.524732297037093,Wh
o3-mini,OpenAI,1B,water_kL,16276.710214532002,16.276710214532002,mL
o3-mini,OpenAI,50B,water_kL,813835.5107266001,16.276710214532002,mL
o3-mini,OpenAI,100B,water_kL,1627671.0214532,16.276710214532002,mL
o3-mini,OpenAI,1B,carbon_tCO2e,1198.4089809926115,1.1984089809926115,gCO2e
o3-mini,OpenAI,50B,carbon_tCO2e,59920.44904963057,1.1984089809926115,gCO2e
o3-mini,OpenAI,100B,carbon_tCO2e,119840.89809926116,1.1984089809926115,gCO2e
o3-mini,OpenAI,1B,households_MWh,3218.933604600085,3.524732297037093,Wh
o3-mini,OpenAI,50B,households_MWh,160946.68023000425,3.524732297037093,Wh
o3-mini,OpenAI,100B,households_MWh,321893.3604600085,3.524732297037093,Wh
o3-mini,OpenAI,1B,pools_kL,6.510684085812801,16.276710214532002,mL
o3-mini,OpenAI,50B,pools_kL,325.53420429064005,16.276710214532002,mL
o3-mini,OpenAI,100B,pools_kL,651.0684085812801,16.276710214532002,mL
o3-mini,OpenAI,1B,flights_tCO2e,19.97348301654353,1.1984089809926115,gCO2e
o3-mini,OpenAI,50B,flights_tCO2e,998.6741508271764,1.1984089809926115,gCO2e
o3-mini,OpenAI,100B,flights_tCO2e,1997.3483016543528,1.1984089809926115,gCO2e
o3-mini (high),OpenAI,1B,energy_MWh,5389.38602184467,5.38938602184467,Wh
o3-mini (high),OpenAI,50B,energy_MWh,269469.30109223345,5.38938602184467,Wh
o3-mini (high),OpenAI,100B,energy_MWh,538938.602184467,5.38938602184467,Wh
o3-mini (high),OpenAI,1B,water_kL,24887.41473658985,24.887414736589847,mL
o3-mini (high),OpenAI,50B,water_kL,1244370.7368294925,24.887414736589847,mL
o3-mini (high),OpenAI,100B,water_kL,2488741.4736589845,24.887414736589847,mL
o3-mini (high),OpenAI,1B,carbon_tCO2e,1832.391247427188,1.832391247427188,gCO2e
o3-mini (high),OpenAI,50B,carbon_tCO2e,91619.5623713594,1.832391247427188,gCO2e
o3-mini (high),OpenAI,100B,carbon_tCO2e,183239.1247427188,1.832391247427188,gCO2e
o3-mini (high),OpenAI,1B,households_MWh,4921.813718579608,5.38938602184467,Wh
o3-mini (high),OpenAI,50B,households_MWh,246090.68592898035,5.38938602184467,Wh
o3-mini (high),OpenAI,100B,households_MWh,492181.37185796077,5.38938602184467,Wh
o3-mini (high),OpenAI,1B,pools_kL,9.954965894635938,24.887414736589847,mL
o3-mini (high),OpenAI,50B,pools_kL,497.7482947317969,24.887414736589847,mL
o3-mini (high),OpenAI,100B,pools_kL,995.496589463594,24.887414736589847,mL
o3-mini (high),OpenAI,1B,flights_tCO2e,30.539854123786466,1.832391247427188,gCO2e
o3-mini (high),OpenAI,50B,flights_tCO2e,1526.9927061893234,1.832391247427188,gCO2e
o3-mini (high),OpenAI,100B,flights_tCO2e,3053.9854123786467,1.832391247427188,gCO2e
Llama 3.2 3B,Meta,1B,energy_MWh,706.7753984251616,0.7067753984251616,Wh
Llama 3.2 3B,Meta,50B,energy_MWh,35338.76992125808,0.7067753984251616,Wh
Llama 3.2 3B,Meta,100B,energy_MWh,70677.53984251615,0.7067753984251616,Wh
Llama 3.2 3B,Meta,1B,water_kL,3730.2861554776414,3.7302861554776414,mL
Llama 3.2 3B,Meta,50B,water_kL,186514.3077738821,3.7302861554776414,mL
Llama 3.2 3B,Meta,100B,water_kL,373028.6155477642,3.7302861554776414,mL
Llama 3.2 3B,Meta,1B,carbon_tCO2e,212.0326195275485,0.2120326195275484,gCO2e
Llama 3.2 3B,Meta,50B,carbon_tCO2e,10601.630976377424,0.2120326195275484,gCO2e
Llama 3.2 3B,Meta,100B,carbon_tCO2e,21203.26195275485,0.2120326195275484,gCO2e
Llama 3.2 3B,Meta,1B,households_MWh,645.4569848631613,0.7067753984251616,Wh
Llama 3.2 3B,Meta,50B,households_MWh,32272.849243158063,0.7067753984251616,Wh
Llama 3.2 3B,Meta,100B,households_MWh,64545.698486316134,0.7067753984251616,Wh
Llama 3.2 3B,Meta,1B,pools_kL,1.492114462191057,3.7302861554776414,mL
Llama 3.2 3B,Meta,50B,pools_kL,74.60572310955284,3.7302861554776414,mL
Llama 3.2 3B,Meta,100B,pools_kL,149.21144621910568,3.7302861554776414,mL
Llama 3.2 3B,Meta,1B,flights_tCO2e,3.5338769921258075,0.2120326195275484,gCO2e
Llama 3.2 3B,Meta,50B,flights_tCO2e,176.6938496062904,0.2120326195275484,gCO2e
Llama 3.2 3B,Meta,100B,flights_tCO2e,353.3876992125808,0.2120326195275484,gCO2e
Claude 3.5 Sonnet (Oct),Anthropic,1B,energy_MWh,7771.587015310507,7.771587015310507,Wh
Claude 3.5 Sonnet (Oct),Anthropic,50B,energy_MWh,388579.35076552536,7.771587015310507,Wh
Claude 3.5 Sonnet (Oct),Anthropic,100B,energy_MWh,777158.7015310506,7.771587015310507,Wh
Claude 3.5 Sonnet (Oct),Anthropic,1B,water_kL,41017.61820501777,41.01761820501777,mL
Claude 3.5 Sonnet (Oct),Anthropic,50B,water_kL,2050880.9102508884,41.01761820501777,mL
Claude 3.5 Sonnet (Oct),Anthropic,100B,water_kL,4101761.820501777,41.01761820501777,mL
Claude 3.5 Sonnet (Oct),Anthropic,1B,carbon_tCO2e,2331.476104593152,2.331476104593152,gCO2e
Claude 3.5 Sonnet (Oct),Anthropic,50B,carbon_tCO2e,116573.8052296576,2.331476104593152,gCO2e
Claude 3.5 Sonnet (Oct),Anthropic,100B,carbon_tCO2e,233147.6104593152,2.331476104593152,gCO2e
Claude 3.5 Sonnet (Oct),Anthropic,1B,households_MWh,7097.339740009596,7.771587015310507,Wh
Claude 3.5 Sonnet (Oct),Anthropic,50B,households_MWh,354866.98700047977,7.771587015310507,Wh
Claude 3.5 Sonnet (Oct),Anthropic,100B,households_MWh,709733.9740009597,7.771587015310507,Wh
Claude 3.5 Sonnet (Oct),Anthropic,1B,pools_kL,16.407047282007106,41.01761820501777,mL
Claude 3.5 Sonnet (Oct),Anthropic,50B,pools_kL,820.3523641003554,41.01761820501777,mL
Claude 3.5 Sonnet (Oct),Anthropic,100B,pools_kL,1640.7047282007109,41.01761820501777,mL
Claude 3.5 Sonnet (Oct),Anthropic,1B,flights_tCO2e,38.85793507655253,2.331476104593152,gCO2e
Claude 3.5 Sonnet (Oct),Anthropic,50B,flights_tCO2e,1942.8967538276263,2.331476104593152,gCO2e
Claude 3.5 Sonnet (Oct),Anthropic,100B,flights_tCO2e,3885.793507655253,2.331476104593152,gCO2e
Claude 3 Opus,Anthropic,1B,energy_MWh,14271.282472099576,14.271282472099577,Wh
Claude 3 Opus,Anthropic,50B,energy_MWh,713564.1236049788,14.271282472099577,Wh
Claude 3 Opus,Anthropic,100B,energy_MWh,1427128.2472099578,14.271282472099577,Wh
Claude 3 Opus,Anthropic,1B,water_kL,75322.32664748136,75.32232664748136,mL
Claude 3 Opus,Anthropic,50B,water_kL,3766116.332374068,75.32232664748136,mL
Claude 3 Opus,Anthropic,100B,water_kL,7532232.664748136,75.32232664748136,mL
Claude 3 Opus,Anthropic,1B,carbon_tCO2e,4281.384741629872,4.281384741629872,gCO2e
Claude 3 Opus,Anthropic,50B,carbon_tCO2e,214069.2370814936,4.281384741629872,gCO2e
Claude 3 Opus,Anthropic,100B,carbon_tCO2e,428138.4741629872,4.281384741629872,gCO2e
Claude 3 Opus,Anthropic,1B,households_MWh,13033.134677716507,14.271282472099577,Wh
Claude 3 Opus,Anthropic,50B,households_MWh,651656.7338858254,14.271282472099577,Wh
Claude 3 Opus,Anthropic,100B,households_MWh,1303313.4677716508,14.271282472099577,Wh
Claude 3 Opus,Anthropic,1B,pools_kL,30.128930658992545,75.32232664748136,mL
Claude 3 Opus,Anthropic,50B,pools_kL,1506.4465329496272,75.32232664748136,mL
Claude 3 Opus,Anthropic,100B,pools_kL,3012.8930658992545,75.32232664748136,mL
Claude 3 Opus,Anthropic,1B,flights_tCO2e,71.35641236049787,4.281384741629872,gCO2e
Claude 3 Opus,Anthropic,50B,flights_tCO2e,3567.820618024893,4.281384741629872,gCO2e
Claude 3 Opus,Anthropic,100B,flights_tCO2e,7135.641236049787,4.281384741629872,gCO2e
Claude 3.5 Haiku,Anthropic,1B,energy_MWh,8010.319609469473,8.010319609469473,Wh
Claude 3.5 Haiku,Anthropic,50B,energy_MWh,400515.9804734736,8.010319609469473,Wh
Claude 3.5 Haiku,Anthropic,100B,energy_MWh,801031.9609469472,8.010319609469473,Wh
Claude 3.5 Haiku,Anthropic,1B,water_kL,42277.623707242055,42.27762370724206,mL
Claude 3.5 Haiku,Anthropic,50B,water_kL,2113881.185362103,42.27762370724206,mL
Claude 3.5 Haiku,Anthropic,100B,water_kL,4227762.370724206,42.27762370724206,mL
Claude 3.5 Haiku,Anthropic,1B,carbon_tCO2e,2403.095882840842,2.403095882840842,gCO2e
Claude 3.5 Haiku,Anthropic,50B,carbon_tCO2e,120154.79414204213,2.403095882840842,gCO2e
Claude 3.5 Haiku,Anthropic,100B,carbon_tCO2e,240309.58828408425,2.403095882840842,gCO2e
Claude 3.5 Haiku,Anthropic,1B,households_MWh,7315.360373944724,8.010319609469473,Wh
Claude 3.5 Haiku,Anthropic,50B,households_MWh,365768.0186972362,8.010319609469473,Wh
Claude 3.5 Haiku,Anthropic,100B,households_MWh,731536.0373944724,8.010319609469473,Wh
Claude 3.5 Haiku,Anthropic,1B,pools_kL,16.91104948289682,42.27762370724206,mL
Claude 3.5 Haiku,Anthropic,50B,pools_kL,845.5524741448412,42.27762370724206,mL
Claude 3.5 Haiku,Anthropic,100B,pools_kL,1691.1049482896824,42.27762370724206,mL
Claude 3.5 Haiku,Anthropic,1B,flights_tCO2e,40.05159804734737,2.403095882840842,gCO2e
Claude 3.5 Haiku,Anthropic,50B,flights_tCO2e,2002.5799023673685,2.403095882840842,gCO2e
Claude 3.5 Haiku,Anthropic,100B,flights_tCO2e,4005.159804734737,2.403095882840842,gCO2e
Claude 3 Haiku,Anthropic,1B,energy_MWh,2917.222664481153,2.9172226644811534,Wh
Claude 3 Haiku,Anthropic,50B,energy_MWh,145861.13322405767,2.9172226644811534,Wh
Claude 3 Haiku,Anthropic,100B,energy_MWh,291722.26644811535,2.9172226644811534,Wh
Claude 3 Haiku,Anthropic,1B,water_kL,15396.794147061582,15.396794147061582,mL
Claude 3 Haiku,Anthropic,50B,water_kL,769839.7073530791,15.396794147061582,mL
Claude 3 Haiku,Anthropic,100B,water_kL,1539679.4147061582,15.396794147061582,mL
Claude 3 Haiku,Anthropic,1B,carbon_tCO2e,875.166799344346,0.875166799344346,gCO2e
Claude 3 Haiku,Anthropic,50B,carbon_tCO2e,43758.3399672173,0.875166799344346,gCO2e
Claude 3 Haiku,Anthropic,100B,carbon_tCO2e,87516.6799344346,0.875166799344346,gCO2e
Claude 3 Haiku,Anthropic,1B,households_MWh,2664.1302871974003,2.9172226644811534,Wh
Claude 3 Haiku,Anthropic,50B,households_MWh,133206.51435987002,2.9172226644811534,Wh
Claude 3 Haiku,Anthropic,100B,households_MWh,266413.02871974005,2.9172226644811534,Wh
Claude 3 Haiku,Anthropic,1B,pools_kL,6.158717658824633,15.396794147061582,mL
Claude 3 Haiku,Anthropic,50B,pools_kL,307.9358829412316,15.396794147061582,mL
Claude 3 Haiku,Anthropic,100B,pools_kL,615.8717658824633,15.396794147061582,mL
Claude 3 Haiku,Anthropic,1B,flights_tCO2e,14.586113322405769,0.875166799344346,gCO2e
Claude 3 Haiku,Anthropic,50B,flights_tCO2e,729.3056661202884,0.875166799344346,gCO2e
Claude 3 Haiku,Anthropic,100B,flights_tCO2e,1458.6113322405768,0.875166799344346,gCO2e
Mistral Large 2 (AWS),Mistral AI,1B,energy_MWh,12041.29866815502,12.04129866815502,Wh
Mistral Large 2 (AWS),Mistral AI,50B,energy_MWh,602064.9334077509,12.04129866815502,Wh
Mistral Large 2 (AWS),Mistral AI,100B,energy_MWh,1204129.866815502,12.04129866815502,Wh
Mistral Large 2 (AWS),Mistral AI,1B,water_kL,63552.706865399225,63.55270686539922,mL
Mistral Large 2 (AWS),Mistral AI,50B,water_kL,3177635.343269961,63.55270686539922,mL
Mistral Large 2 (AWS),Mistral AI,100B,water_kL,6355270.686539922,63.55270686539922,mL
Mistral Large 2 (AWS),Mistral AI,1B,carbon_tCO2e,3612.389600446505,3.612389600446505,gCO2e
Mistral Large 2 (AWS),Mistral AI,50B,carbon_tCO2e,180619.48002232527,3.612389600446505,gCO2e
Mistral Large 2 (AWS),Mistral AI,100B,carbon_tCO2e,361238.96004465054,3.612389600446505,gCO2e
Mistral Large 2 (AWS),Mistral AI,1B,households_MWh,10996.619788269423,12.04129866815502,Wh
Mistral Large 2 (AWS),Mistral AI,50B,households_MWh,549830.9894134712,12.04129866815502,Wh
Mistral Large 2 (AWS),Mistral AI,100B,households_MWh,1099661.9788269424,12.04129866815502,Wh
Mistral Large 2 (AWS),Mistral AI,1B,pools_kL,25.42108274615969,63.55270686539922,mL
Mistral Large 2 (AWS),Mistral AI,50B,pools_kL,1271.0541373079843,63.55270686539922,mL
Mistral Large 2 (AWS),Mistral AI,100B,pools_kL,2542.1082746159686,63.55270686539922,mL
Mistral Large 2 (AWS),Mistral AI,1B,flights_tCO2e,60.20649334077508,3.612389600446505,gCO2e
Mistral Large 2 (AWS),Mistral AI,50B,flights_tCO2e,3010.3246670387543,3.612389600446505,gCO2e
Mistral Large 2 (AWS),Mistral AI,100B,flights_tCO2e,6020.649334077509,3.612389600446505,gCO2e
Mistral Small (Feb),Mistral AI,1B,energy_MWh,1364.595177650683,1.3645951776506828,Wh
Mistral Small (Feb),Mistral AI,50B,energy_MWh,68229.75888253414,1.3645951776506828,Wh
Mistral Small (Feb),Mistral AI,100B,energy_MWh,136459.51776506827,1.3645951776506828,Wh
Mistral Small (Feb),Mistral AI,1B,water_kL,6301.505588222617,6.301505588222617,mL
Mistral Small (Feb),Mistral AI,50B,water_kL,315075.2794111309,6.301505588222617,mL
Mistral Small (Feb),Mistral AI,100B,water_kL,630150.5588222618,6.301505588222617,mL
Mistral Small (Feb),Mistral AI,1B,carbon_tCO2e,463.9623604012321,0.4639623604012321,gCO2e
Mistral Small (Feb),Mistral AI,50B,carbon_tCO2e,23198.118020061607,0.4639623604012321,gCO2e
Mistral Small (Feb),Mistral AI,100B,carbon_tCO2e,46396.236040123214,0.4639623604012321,gCO2e
Mistral Small (Feb),Mistral AI,1B,households_MWh,1246.2056416901214,1.3645951776506828,Wh
Mistral Small (Feb),Mistral AI,50B,households_MWh,62310.28208450606,1.3645951776506828,Wh
Mistral Small (Feb),Mistral AI,100B,households_MWh,124620.56416901214,1.3645951776506828,Wh
Mistral Small (Feb),Mistral AI,1B,pools_kL,2.5206022352890467,6.301505588222617,mL
Mistral Small (Feb),Mistral AI,50B,pools_kL,126.03011176445236,6.301505588222617,mL
Mistral Small (Feb),Mistral AI,100B,pools_kL,252.06022352890471,6.301505588222617,mL
Mistral Small (Feb),Mistral AI,1B,flights_tCO2e,7.732706006687201,0.4639623604012321,gCO2e
Mistral Small (Feb),Mistral AI,50B,flights_tCO2e,386.6353003343601,0.4639623604012321,gCO2e
Mistral Small (Feb),Mistral AI,100B,flights_tCO2e,773.2706006687202,0.4639623604012321,gCO2e
Mistral NeMo,Mistral AI,1B,energy_MWh,965.1610465769832,0.9651610465769832,Wh
Mistral NeMo,Mistral AI,50B,energy_MWh,48258.05232884917,0.9651610465769832,Wh
Mistral NeMo,Mistral AI,100B,energy_MWh,96516.10465769832,0.9651610465769832,Wh
Mistral NeMo,Mistral AI,1B,water_kL,4456.975832942998,4.456975832942998,mL
Mistral NeMo,Mistral AI,50B,water_kL,222848.79164714992,4.456975832942998,mL
Mistral NeMo,Mistral AI,100B,water_kL,445697.58329429984,4.456975832942998,mL
Mistral NeMo,Mistral AI,1B,carbon_tCO2e,328.1547558361744,0.3281547558361743,gCO2e
Mistral NeMo,Mistral AI,50B,carbon_tCO2e,16407.73779180872,0.3281547558361743,gCO2e
Mistral NeMo,Mistral AI,100B,carbon_tCO2e,32815.47558361744,0.3281547558361743,gCO2e
Mistral NeMo,Mistral AI,1B,households_MWh,881.4256133123135,0.9651610465769832,Wh
Mistral NeMo,Mistral AI,50B,households_MWh,44071.28066561568,0.9651610465769832,Wh
Mistral NeMo,Mistral AI,100B,households_MWh,88142.56133123135,0.9651610465769832,Wh
Mistral NeMo,Mistral AI,1B,pools_kL,1.782790333177199,4.456975832942998,mL
Mistral NeMo,Mistral AI,50B,pools_kL,89.13951665885996,4.456975832942998,mL
Mistral NeMo,Mistral AI,100B,pools_kL,178.27903331771992,4.456975832942998,mL
Mistral NeMo,Mistral AI,1B,flights_tCO2e,5.469245930602906,0.3281547558361743,gCO2e
Mistral NeMo,Mistral AI,50B,flights_tCO2e,273.4622965301453,0.3281547558361743,gCO2e
Mistral NeMo,Mistral AI,100B,flights_tCO2e,546.9245930602906,0.3281547558361743,gCO2e
